-- phpMyAdmin SQL Dump
-- version 5.2.1
-- https://www.phpmyadmin.net/
--
-- Host: 127.0.0.1
-- Generation Time: Dec 11, 2023 at 12:46 PM
-- Server version: 10.4.28-MariaDB
-- PHP Version: 8.2.4

SET SQL_MODE = "NO_AUTO_VALUE_ON_ZERO";
START TRANSACTION;
SET time_zone = "+00:00";


/*!40101 SET @OLD_CHARACTER_SET_CLIENT=@@CHARACTER_SET_CLIENT */;
/*!40101 SET @OLD_CHARACTER_SET_RESULTS=@@CHARACTER_SET_RESULTS */;
/*!40101 SET @OLD_COLLATION_CONNECTION=@@COLLATION_CONNECTION */;
/*!40101 SET NAMES utf8mb4 */;

--
-- Database: `showhuay_db`
--

-- --------------------------------------------------------

--
-- Table structure for table `address`
--

CREATE TABLE `address` (
  `zipcode` varchar(255) NOT NULL,
  `district` varchar(255) NOT NULL,
  `province` varchar(255) NOT NULL
) ENGINE=InnoDB DEFAULT CHARSET=utf8mb4 COLLATE=utf8mb4_general_ci;

--
-- Dumping data for table `address`
--

INSERT INTO `address` (`zipcode`, `district`, `province`) VALUES
('10100', 'ป้อมปราบศัตรูพ่าย', 'กรุงเทพมหานคร'),
('10100', 'สัมพันธวงศ์', 'กรุงเทพมหานคร'),
('10110', 'คลองเตย', 'กรุงเทพมหานคร'),
('10110', 'ปทุมวัน', 'กรุงเทพมหานคร'),
('10110', 'วัฒนา', 'กรุงเทพมหานคร'),
('10120', 'บางคอแหลม', 'กรุงเทพมหานคร'),
('10120', 'ปทุมวัน', 'กรุงเทพมหานคร'),
('10120', 'ยานนาวา', 'กรุงเทพมหานคร'),
('10120', 'สาทร', 'กรุงเทพมหานคร'),
('10130', 'พระประแดง', 'สมุทรปราการ'),
('10140', 'ทุ่งครุ', 'กรุงเทพมหานคร'),
('10140', 'ราษฎร์บูรณะ', 'กรุงเทพมหานคร'),
('10150', 'จอมทอง', 'กรุงเทพมหานคร'),
('10150', 'บางขุนเทียน', 'กรุงเทพมหานคร'),
('10150', 'บางบอน', 'กรุงเทพมหานคร'),
('10160', 'บางแค', 'กรุงเทพมหานคร'),
('10160', 'ภาษีเจริญ', 'กรุงเทพมหานคร'),
('10160', 'หนองแขม', 'กรุงเทพมหานคร'),
('10170', 'ตลิ่งชัน', 'กรุงเทพมหานคร'),
('10170', 'ทวีวัฒนา', 'กรุงเทพมหานคร'),
('10200', 'พระนคร', 'กรุงเทพมหานคร'),
('10210', 'ดอนเมือง', 'กรุงเทพมหานคร'),
('10210', 'หลักสี่', 'กรุงเทพมหานคร'),
('10220', 'บางเขน', 'กรุงเทพมหานคร'),
('10220', 'สายไหม', 'กรุงเทพมหานคร'),
('10230', 'คันนายาว', 'กรุงเทพมหานคร'),
('10230', 'บางเขน', 'กรุงเทพมหานคร'),
('10230', 'บึงกุ่ม', 'กรุงเทพมหานคร'),
('10230', 'ลาดพร้าว', 'กรุงเทพมหานคร'),
('10240', 'บางกะปิ', 'กรุงเทพมหานคร'),
('10240', 'บึงกุ่ม', 'กรุงเทพมหานคร'),
('10240', 'สะพานสูง', 'กรุงเทพมหานคร'),
('10250', 'บางกะปิ', 'กรุงเทพมหานคร'),
('10250', 'ประเวศ', 'กรุงเทพมหานคร'),
('10250', 'สวนหลวง', 'กรุงเทพมหานคร'),
('10250', 'สะพานสูง', 'กรุงเทพมหานคร'),
('10260', 'คลองเตย', 'กรุงเทพมหานคร'),
('10260', 'บางนา', 'กรุงเทพมหานคร'),
('10260', 'พระโขนง', 'กรุงเทพมหานคร'),
('10260', 'วัฒนา', 'กรุงเทพมหานคร'),
('10270', 'เมืองสมุทรปราการ', 'สมุทรปราการ'),
('10280', 'เมืองสมุทรปราการ', 'สมุทรปราการ'),
('10290', 'พระสมุทรเจดีย์', 'สมุทรปราการ'),
('10300', 'ดุสิต', 'กรุงเทพมหานคร'),
('10303', 'ดุสิต', 'กรุงเทพมหานคร'),
('10310', 'วังทองหลาง', 'กรุงเทพมหานคร'),
('10310', 'ห้วยขวาง', 'กรุงเทพมหานคร'),
('10330', 'ปทุมวัน', 'กรุงเทพมหานคร'),
('10400', 'ดินแดง', 'กรุงเทพมหานคร'),
('10400', 'ปทุมวัน', 'กรุงเทพมหานคร'),
('10400', 'พญาไท', 'กรุงเทพมหานคร'),
('10400', 'ราชเทวี', 'กรุงเทพมหานคร'),
('10500', 'บางรัก', 'กรุงเทพมหานคร'),
('10500', 'ปทุมวัน', 'กรุงเทพมหานคร'),
('10510', 'คลองสามวา', 'กรุงเทพมหานคร'),
('10510', 'มีนบุรี', 'กรุงเทพมหานคร'),
('10520', 'ลาดกระบัง', 'กรุงเทพมหานคร'),
('10530', 'หนองจอก', 'กรุงเทพมหานคร'),
('10540', 'บางพลี', 'สมุทรปราการ'),
('10550', 'บางบ่อ', 'สมุทรปราการ'),
('10560', 'บางบ่อ', 'สมุทรปราการ'),
('10570', 'บางเสาธง', 'สมุทรปราการ'),
('10600', 'คลองสาน', 'กรุงเทพมหานคร'),
('10600', 'ธนบุรี', 'กรุงเทพมหานคร'),
('10600', 'บางกอกใหญ่', 'กรุงเทพมหานคร'),
('10700', 'บางกอกน้อย', 'กรุงเทพมหานคร'),
('10700', 'บางพลัด', 'กรุงเทพมหานคร'),
('10800', 'บางซื่อ', 'กรุงเทพมหานคร'),
('10900', 'จตุจักร', 'กรุงเทพมหานคร'),
('11000', 'เมืองนนทบุรี', 'นนทบุรี'),
('11110', 'บางบัวทอง', 'นนทบุรี'),
('11120', 'ปากเกร็ด', 'นนทบุรี'),
('11130', 'บางกรวย', 'นนทบุรี'),
('11140', 'บางใหญ่', 'นนทบุรี'),
('11150', 'ไทรน้อย', 'นนทบุรี'),
('12000', 'เมืองปทุมธานี', 'ปทุมธานี'),
('12110', 'คลองหลวง', 'ปทุมธานี'),
('12110', 'ธัญบุรี', 'ปทุมธานี'),
('12120', 'คลองหลวง', 'ปทุมธานี'),
('12121', 'คลองหลวง', 'ปทุมธานี'),
('12130', 'ธัญบุรี', 'ปทุมธานี'),
('12130', 'ลำลูกกา', 'ปทุมธานี'),
('12140', 'ลาดหลุมแก้ว', 'ปทุมธานี'),
('12150', 'ลำลูกกา', 'ปทุมธานี'),
('12160', 'สามโคก', 'ปทุมธานี'),
('12170', 'หนองเสือ', 'ปทุมธานี'),
('13000', 'พระนครศรีอยุธยา', 'พระนครศรีอยุธยา'),
('13000', 'อุทัย', 'พระนครศรีอยุธยา'),
('13110', 'เสนา', 'พระนครศรีอยุธยา'),
('13120', 'ผักไห่', 'พระนครศรีอยุธยา'),
('13130', 'ท่าเรือ', 'พระนครศรีอยุธยา'),
('13140', 'ภาชี', 'พระนครศรีอยุธยา'),
('13150', 'มหาราช', 'พระนครศรีอยุธยา'),
('13160', 'บางปะอิน', 'พระนครศรีอยุธยา'),
('13170', 'บางปะอิน', 'พระนครศรีอยุธยา'),
('13170', 'วังน้อย', 'พระนครศรีอยุธยา'),
('13180', 'คลองหลวง', 'ปทุมธานี'),
('13180', 'บางปะอิน', 'พระนครศรีอยุธยา'),
('13180', 'วังน้อย', 'พระนครศรีอยุธยา'),
('13190', 'บางไทร', 'พระนครศรีอยุธยา'),
('13210', 'อุทัย', 'พระนครศรีอยุธยา'),
('13220', 'บางปะหัน', 'พระนครศรีอยุธยา'),
('13230', 'ลาดบัวหลวง', 'พระนครศรีอยุธยา'),
('13240', 'บ้านแพรก', 'พระนครศรีอยุธยา'),
('13240', 'เมืองลพบุรี', 'ลพบุรี'),
('13250', 'บางบาล', 'พระนครศรีอยุธยา'),
('13260', 'นครหลวง', 'พระนครศรีอยุธยา'),
('13270', 'บางซ้าย', 'พระนครศรีอยุธยา'),
('13280', 'ผักไห่', 'พระนครศรีอยุธยา'),
('13290', 'บางไทร', 'พระนครศรีอยุธยา'),
('14000', 'เมืองอ่างทอง', 'อ่างทอง'),
('14110', 'วิเศษชัยชาญ', 'อ่างทอง'),
('14120', 'โพธิ์ทอง', 'อ่างทอง'),
('14130', 'ป่าโมก', 'อ่างทอง'),
('14140', 'ไชโย', 'อ่างทอง'),
('14150', 'แสวงหา', 'อ่างทอง'),
('14160', 'สามโก้', 'อ่างทอง'),
('15000', 'เมืองลพบุรี', 'ลพบุรี'),
('15110', 'บ้านหมี่', 'ลพบุรี'),
('15120', 'โคกสำโรง', 'ลพบุรี'),
('15130', 'ชัยบาดาล', 'ลพบุรี'),
('15130', 'ลำสนธิ', 'ลพบุรี'),
('15140', 'พัฒนานิคม', 'ลพบุรี'),
('15150', 'ท่าวุ้ง', 'ลพบุรี'),
('15160', 'เมืองลพบุรี', 'ลพบุรี'),
('15170', 'หนองม่วง', 'ลพบุรี'),
('15180', 'ท่าวุ้ง', 'ลพบุรี'),
('15180', 'บ้านหมี่', 'ลพบุรี'),
('15190', 'ชัยบาดาล', 'ลพบุรี'),
('15190', 'ลำสนธิ', 'ลพบุรี'),
('15210', 'เมืองลพบุรี', 'ลพบุรี'),
('15220', 'พัฒนานิคม', 'ลพบุรี'),
('15230', 'ชัยบาดาล', 'ลพบุรี'),
('15230', 'ท่าหลวง', 'ลพบุรี'),
('15240', 'สระโบสถ์', 'ลพบุรี'),
('15250', 'สระโบสถ์', 'ลพบุรี'),
('15250', 'โคกเจริญ', 'ลพบุรี'),
('16000', 'เมืองสิงห์บุรี', 'สิงห์บุรี'),
('16110', 'อินทร์บุรี', 'สิงห์บุรี'),
('16120', 'พรหมบุรี', 'สิงห์บุรี'),
('16130', 'บางระจัน', 'สิงห์บุรี'),
('16140', 'ท่าช้าง', 'สิงห์บุรี'),
('16150', 'ค่ายบางระจัน', 'สิงห์บุรี'),
('16160', 'พรหมบุรี', 'สิงห์บุรี'),
('17000', 'เมืองชัยนาท', 'ชัยนาท'),
('17110', 'มโนรมย์', 'ชัยนาท'),
('17120', 'วัดสิงห์', 'ชัยนาท'),
('17120', 'หนองมะโมง', 'ชัยนาท'),
('17120', 'เมืองชัยนาท', 'ชัยนาท'),
('17130', 'หันคา', 'ชัยนาท'),
('17130', 'เนินขาม', 'ชัยนาท'),
('17140', 'สรรคบุรี', 'ชัยนาท'),
('17150', 'สรรพยา', 'ชัยนาท'),
('17160', 'หันคา', 'ชัยนาท'),
('17170', 'มโนรมย์', 'ชัยนาท'),
('18000', 'เฉลิมพระเกียรติ', 'สระบุรี'),
('18000', 'เมืองสระบุรี', 'สระบุรี'),
('18110', 'แก่งคอย', 'สระบุรี'),
('18120', 'พระพุทธบาท', 'สระบุรี'),
('18130', 'บ้านหมอ', 'สระบุรี'),
('18140', 'หนองแค', 'สระบุรี'),
('18150', 'วิหารแดง', 'สระบุรี'),
('18160', 'เสาไห้', 'สระบุรี'),
('18170', 'หนองแซง', 'สระบุรี'),
('18180', 'มวกเหล็ก', 'สระบุรี'),
('18190', 'หนองโดน', 'สระบุรี'),
('18210', 'ดอนพุด', 'สระบุรี'),
('18210', 'บ้านหมอ', 'สระบุรี'),
('18220', 'พัฒนานิคม', 'ลพบุรี'),
('18220', 'มวกเหล็ก', 'สระบุรี'),
('18220', 'วังม่วง', 'สระบุรี'),
('18230', 'หนองแค', 'สระบุรี'),
('18240', 'เฉลิมพระเกียรติ', 'สระบุรี'),
('18250', 'ภาชี', 'พระนครศรีอยุธยา'),
('18250', 'หนองแค', 'สระบุรี'),
('18260', 'แก่งคอย', 'สระบุรี'),
('18270', 'ท่าเรือ', 'พระนครศรีอยุธยา'),
('18270', 'บ้านหมอ', 'สระบุรี'),
('20000', 'พานทอง', 'ชลบุรี'),
('20000', 'เมืองชลบุรี', 'ชลบุรี'),
('20110', 'ศรีราชา', 'ชลบุรี'),
('20120', 'เกาะสีชัง', 'ชลบุรี'),
('20130', 'เมืองชลบุรี', 'ชลบุรี'),
('20131', 'เมืองชลบุรี', 'ชลบุรี'),
('20140', 'พนัสนิคม', 'ชลบุรี'),
('20150', 'บางละมุง', 'ชลบุรี'),
('20160', 'พานทอง', 'ชลบุรี'),
('20170', 'บ้านบึง', 'ชลบุรี'),
('20180', 'สัตหีบ', 'ชลบุรี'),
('20182', 'สัตหีบ', 'ชลบุรี'),
('20190', 'หนองใหญ่', 'ชลบุรี'),
('20220', 'บ้านบึง', 'ชลบุรี'),
('20230', 'ศรีราชา', 'ชลบุรี'),
('20240', 'พนัสนิคม', 'ชลบุรี'),
('20240', 'เกาะจันทร์', 'ชลบุรี'),
('20250', 'สัตหีบ', 'ชลบุรี'),
('20251', 'สัตหีบ', 'ชลบุรี'),
('20270', 'บ่อทอง', 'ชลบุรี'),
('21000', 'เมืองระยอง', 'ระยอง'),
('21100', 'เมืองระยอง', 'ระยอง'),
('21110', 'เขาชะเมา', 'ระยอง'),
('21110', 'แกลง', 'ระยอง'),
('21120', 'บ้านค่าย', 'ระยอง'),
('21130', 'บ้านฉาง', 'ระยอง'),
('21140', 'ปลวกแดง', 'ระยอง'),
('21150', 'เมืองระยอง', 'ระยอง'),
('21160', 'เมืองระยอง', 'ระยอง'),
('21170', 'แกลง', 'ระยอง'),
('21180', 'นิคมพัฒนา', 'ระยอง'),
('21190', 'แกลง', 'ระยอง'),
('21210', 'วังจันทร์', 'ระยอง'),
('22000', 'เมืองจันทบุรี', 'จันทบุรี'),
('22110', 'ขลุง', 'จันทบุรี'),
('22120', 'ท่าใหม่', 'จันทบุรี'),
('22120', 'แหลมสิงห์', 'จันทบุรี'),
('22130', 'แหลมสิงห์', 'จันทบุรี'),
('22140', 'โป่งน้ำร้อน', 'จันทบุรี'),
('22150', 'ขลุง', 'จันทบุรี'),
('22150', 'มะขาม', 'จันทบุรี'),
('22160', 'นายายอาม', 'จันทบุรี'),
('22160', 'แกลง', 'ระยอง'),
('22160', 'แก่งหางแมว', 'จันทบุรี'),
('22170', 'ท่าใหม่', 'จันทบุรี'),
('22170', 'นายายอาม', 'จันทบุรี'),
('22180', 'สอยดาว', 'จันทบุรี'),
('22190', 'แหลมสิงห์', 'จันทบุรี'),
('22210', 'เขาคิชฌกูฏ', 'จันทบุรี'),
('23000', 'เกาะกูด', 'ตราด'),
('23000', 'เมืองตราด', 'ตราด'),
('23110', 'คลองใหญ่', 'ตราด'),
('23120', 'เกาะกูด', 'ตราด'),
('23120', 'แหลมงอบ', 'ตราด'),
('23130', 'เขาสมิง', 'ตราด'),
('23140', 'บ่อไร่', 'ตราด'),
('23150', 'เขาสมิง', 'ตราด'),
('23170', 'เกาะช้าง', 'ตราด'),
('24000', 'คลองเขื่อน', 'ฉะเชิงเทรา'),
('24000', 'บางน้ำเปรี้ยว', 'ฉะเชิงเทรา'),
('24000', 'เมืองฉะเชิงเทรา', 'ฉะเชิงเทรา'),
('24110', 'คลองเขื่อน', 'ฉะเชิงเทรา'),
('24110', 'บางคล้า', 'ฉะเชิงเทรา'),
('24120', 'พนมสารคาม', 'ฉะเชิงเทรา'),
('24120', 'ราชสาส์น', 'ฉะเชิงเทรา'),
('24130', 'บางปะกง', 'ฉะเชิงเทรา'),
('24140', 'บ้านโพธิ์', 'ฉะเชิงเทรา'),
('24150', 'บางน้ำเปรี้ยว', 'ฉะเชิงเทรา'),
('24160', 'ท่าตะเกียบ', 'ฉะเชิงเทรา'),
('24160', 'สนามชัยเขต', 'ฉะเชิงเทรา'),
('24170', 'บางน้ำเปรี้ยว', 'ฉะเชิงเทรา'),
('24180', 'บางปะกง', 'ฉะเชิงเทรา'),
('24190', 'แปลงยาว', 'ฉะเชิงเทรา'),
('25000', 'เมืองปราจีนบุรี', 'ปราจีนบุรี'),
('25110', 'กบินทร์บุรี', 'ปราจีนบุรี'),
('25130', 'ประจันตคาม', 'ปราจีนบุรี'),
('25140', 'ศรีมหาโพธิ', 'ปราจีนบุรี'),
('25150', 'บ้านสร้าง', 'ปราจีนบุรี'),
('25190', 'ศรีมโหสถ', 'ปราจีนบุรี'),
('25220', 'นาดี', 'ปราจีนบุรี'),
('25230', 'เมืองปราจีนบุรี', 'ปราจีนบุรี'),
('25240', 'กบินทร์บุรี', 'ปราจีนบุรี'),
('26000', 'เมืองนครนายก', 'นครนายก'),
('26001', 'เมืองนครนายก', 'นครนายก'),
('26110', 'บ้านนา', 'นครนายก'),
('26120', 'องครักษ์', 'นครนายก'),
('26130', 'ปากพลี', 'นครนายก'),
('27000', 'เขาฉกรรจ์', 'สระแก้ว'),
('27000', 'เมืองสระแก้ว', 'สระแก้ว'),
('27120', 'อรัญประเทศ', 'สระแก้ว'),
('27120', 'โคกสูง', 'สระแก้ว'),
('27160', 'วัฒนานคร', 'สระแก้ว'),
('27180', 'ตาพระยา', 'สระแก้ว'),
('27210', 'วังน้ำเย็น', 'สระแก้ว'),
('27210', 'วังสมบูรณ์', 'สระแก้ว'),
('27250', 'วังสมบูรณ์', 'สระแก้ว'),
('27260', 'คลองหาด', 'สระแก้ว'),
('30000', 'เฉลิมพระเกียรติ', 'นครราชสีมา'),
('30000', 'เมืองนครราชสีมา', 'นครราชสีมา'),
('30110', 'พิมาย', 'นครราชสีมา'),
('30120', 'บัวลาย', 'นครราชสีมา'),
('30120', 'บัวใหญ่', 'นครราชสีมา'),
('30130', 'ปากช่อง', 'นครราชสีมา'),
('30130', 'มวกเหล็ก', 'สระบุรี'),
('30140', 'สีคิ้ว', 'นครราชสีมา'),
('30150', 'ปักธงชัย', 'นครราชสีมา'),
('30150', 'วังน้ำเขียว', 'นครราชสีมา'),
('30160', 'โนนสูง', 'นครราชสีมา'),
('30170', 'สูงเนิน', 'นครราชสีมา'),
('30180', 'ประทาย', 'นครราชสีมา'),
('30190', 'โชคชัย', 'นครราชสีมา'),
('30210', 'ด่านขุนทด', 'นครราชสีมา'),
('30210', 'เทพารักษ์', 'นครราชสีมา'),
('30220', 'พระทองคำ', 'นครราชสีมา'),
('30220', 'โนนไทย', 'นครราชสีมา'),
('30230', 'จักราช', 'นครราชสีมา'),
('30230', 'เฉลิมพระเกียรติ', 'นครราชสีมา'),
('30240', 'ห้วยแถลง', 'นครราชสีมา'),
('30250', 'ครบุรี', 'นครราชสีมา'),
('30260', 'คง', 'นครราชสีมา'),
('30270', 'ชุมพวง', 'นครราชสีมา'),
('30270', 'ลำทะเมนชัย', 'นครราชสีมา'),
('30270', 'เมืองยาง', 'นครราชสีมา'),
('30280', 'ขามทะเลสอ', 'นครราชสีมา'),
('30280', 'เมืองนครราชสีมา', 'นครราชสีมา'),
('30290', 'ขามสะแกแสง', 'นครราชสีมา'),
('30310', 'เมืองนครราชสีมา', 'นครราชสีมา'),
('30320', 'ปากช่อง', 'นครราชสีมา'),
('30330', 'เสิงสาง', 'นครราชสีมา'),
('30340', 'สีคิ้ว', 'นครราชสีมา'),
('30350', 'บ้านเหลื่อม', 'นครราชสีมา'),
('30360', 'โนนแดง', 'นครราชสีมา'),
('30370', 'วังน้ำเขียว', 'นครราชสีมา'),
('30380', 'สูงเนิน', 'นครราชสีมา'),
('30410', 'หนองบุญมาก', 'นครราชสีมา'),
('30420', 'โนนสูง', 'นครราชสีมา'),
('30430', 'สีดา', 'นครราชสีมา'),
('30440', 'แก้งสนามนาง', 'นครราชสีมา'),
('31000', 'บ้านด่าน', 'บุรีรัมย์'),
('31000', 'ห้วยราช', 'บุรีรัมย์'),
('31000', 'เมืองบุรีรัมย์', 'บุรีรัมย์'),
('31110', 'ชำนิ', 'บุรีรัมย์'),
('31110', 'นางรอง', 'บุรีรัมย์'),
('31110', 'เฉลิมพระเกียรติ', 'บุรีรัมย์'),
('31110', 'โนนสุวรรณ', 'บุรีรัมย์'),
('31120', 'บ้านใหม่ไชยพจน์', 'บุรีรัมย์'),
('31120', 'พุทไธสง', 'บุรีรัมย์'),
('31130', 'ลำปลายมาศ', 'บุรีรัมย์'),
('31140', 'ประโคนชัย', 'บุรีรัมย์'),
('31150', 'สตึก', 'บุรีรัมย์'),
('31150', 'แคนดง', 'บุรีรัมย์'),
('31160', 'กระสัง', 'บุรีรัมย์'),
('31170', 'ละหานทราย', 'บุรีรัมย์'),
('31170', 'เฉลิมพระเกียรติ', 'บุรีรัมย์'),
('31180', 'บ้านกรวด', 'บุรีรัมย์'),
('31190', 'คูเมือง', 'บุรีรัมย์'),
('31210', 'หนองกี่', 'บุรีรัมย์'),
('31220', 'ปะคำ', 'บุรีรัมย์'),
('31230', 'นาโพธิ์', 'บุรีรัมย์'),
('31240', 'หนองหงส์', 'บุรีรัมย์'),
('31250', 'พลับพลาชัย', 'บุรีรัมย์'),
('31260', 'โนนดินแดง', 'บุรีรัมย์'),
('32000', 'เขวาสินรินทร์', 'สุรินทร์'),
('32000', 'เมืองสุรินทร์', 'สุรินทร์'),
('32110', 'ศีขรภูมิ', 'สุรินทร์'),
('32120', 'ท่าตูม', 'สุรินทร์'),
('32130', 'รัตนบุรี', 'สุรินทร์'),
('32130', 'โนนนารายณ์', 'สุรินทร์'),
('32140', 'ปราสาท', 'สุรินทร์'),
('32140', 'พนมดงรัก', 'สุรินทร์'),
('32150', 'ศรีณรงค์', 'สุรินทร์'),
('32150', 'สังขะ', 'สุรินทร์'),
('32160', 'สนม', 'สุรินทร์'),
('32170', 'สำโรงทาบ', 'สุรินทร์'),
('32180', 'จอมพระ', 'สุรินทร์'),
('32190', 'ชุมพลบุรี', 'สุรินทร์'),
('32210', 'กาบเชิง', 'สุรินทร์'),
('32220', 'ลำดวน', 'สุรินทร์'),
('32230', 'บัวเชด', 'สุรินทร์'),
('33000', 'เมืองศรีสะเกษ', 'ศรีสะเกษ'),
('33110', 'กันทรลักษ์', 'ศรีสะเกษ'),
('33110', 'เบญจลักษ์', 'ศรีสะเกษ'),
('33120', 'อุทุมพรพิสัย', 'ศรีสะเกษ'),
('33120', 'เมืองจันทร์', 'ศรีสะเกษ'),
('33120', 'โพธิ์ศรีสุวรรณ', 'ศรีสะเกษ'),
('33130', 'กันทรารมย์', 'ศรีสะเกษ'),
('33130', 'น้ำเกลี้ยง', 'ศรีสะเกษ'),
('33140', 'ขุขันธ์', 'ศรีสะเกษ'),
('33140', 'ภูสิงห์', 'ศรีสะเกษ'),
('33150', 'ขุนหาญ', 'ศรีสะเกษ'),
('33160', 'ราษีไศล', 'ศรีสะเกษ'),
('33160', 'ศิลาลาด', 'ศรีสะเกษ'),
('33170', 'ปรางค์กู่', 'ศรีสะเกษ'),
('33180', 'ไพรบึง', 'ศรีสะเกษ'),
('33190', 'ยางชุมน้อย', 'ศรีสะเกษ'),
('33210', 'ห้วยทับทัน', 'ศรีสะเกษ'),
('33220', 'บึงบูรพ์', 'ศรีสะเกษ'),
('33230', 'พยุห์', 'ศรีสะเกษ'),
('33240', 'ศรีรัตนะ', 'ศรีสะเกษ'),
('33250', 'โนนคูณ', 'ศรีสะเกษ'),
('33270', 'วังหิน', 'ศรีสะเกษ'),
('34000', 'ดอนมดแดง', 'อุบลราชธานี'),
('34000', 'เมืองอุบลราชธานี', 'อุบลราชธานี'),
('34000', 'เหล่าเสือโก้ก', 'อุบลราชธานี'),
('34110', 'พิบูลมังสาหาร', 'อุบลราชธานี'),
('34130', 'ตระการพืชผล', 'อุบลราชธานี'),
('34140', 'ม่วงสามสิบ', 'อุบลราชธานี'),
('34150', 'เขื่องใน', 'อุบลราชธานี'),
('34160', 'ทุ่งศรีอุดม', 'อุบลราชธานี'),
('34160', 'นาเยีย', 'อุบลราชธานี'),
('34160', 'เดชอุดม', 'อุบลราชธานี'),
('34170', 'นาตาล', 'อุบลราชธานี'),
('34170', 'เขมราฐ', 'อุบลราชธานี'),
('34190', 'วารินชำราบ', 'อุบลราชธานี'),
('34190', 'สว่างวีระวงศ์', 'อุบลราชธานี'),
('34220', 'โขงเจียม', 'อุบลราชธานี'),
('34230', 'บุณฑริก', 'อุบลราชธานี'),
('34250', 'ศรีเมืองใหม่', 'อุบลราชธานี'),
('34260', 'น้ำขุ่น', 'อุบลราชธานี'),
('34260', 'น้ำยืน', 'อุบลราชธานี'),
('34270', 'กุดข้าวปุ้น', 'อุบลราชธานี'),
('34280', 'นาจะหลวย', 'อุบลราชธานี'),
('34310', 'วารินชำราบ', 'อุบลราชธานี'),
('34320', 'เขื่องใน', 'อุบลราชธานี'),
('34330', 'ตาลสุม', 'อุบลราชธานี'),
('34340', 'โพธิ์ไทร', 'อุบลราชธานี'),
('34350', 'สิรินธร', 'อุบลราชธานี'),
('34360', 'สำโรง', 'อุบลราชธานี'),
('35000', 'เมืองยโสธร', 'ยโสธร'),
('35110', 'คำเขื่อนแก้ว', 'ยโสธร'),
('35120', 'เลิงนกทา', 'ยโสธร'),
('35120', 'ไทยเจริญ', 'ยโสธร'),
('35130', 'มหาชนะชัย', 'ยโสธร'),
('35140', 'กุดชุม', 'ยโสธร'),
('35150', 'ป่าติ้ว', 'ยโสธร'),
('35160', 'ค้อวัง', 'ยโสธร'),
('35170', 'ทรายมูล', 'ยโสธร'),
('35180', 'คำเขื่อนแก้ว', 'ยโสธร'),
('36000', 'เมืองชัยภูมิ', 'ชัยภูมิ'),
('36110', 'ภูเขียว', 'ชัยภูมิ'),
('36120', 'เกษตรสมบูรณ์', 'ชัยภูมิ'),
('36130', 'จัตุรัส', 'ชัยภูมิ'),
('36130', 'ซับใหญ่', 'ชัยภูมิ'),
('36130', 'เนินสง่า', 'ชัยภูมิ'),
('36140', 'คอนสวรรค์', 'ชัยภูมิ'),
('36150', 'แก้งคร้อ', 'ชัยภูมิ'),
('36160', 'บำเหน็จณรงค์', 'ชัยภูมิ'),
('36170', 'บ้านเขว้า', 'ชัยภูมิ'),
('36180', 'คอนสาร', 'ชัยภูมิ'),
('36190', 'บ้านแท่น', 'ชัยภูมิ'),
('36210', 'หนองบัวแดง', 'ชัยภูมิ'),
('36220', 'จัตุรัส', 'ชัยภูมิ'),
('36220', 'ด่านขุนทด', 'นครราชสีมา'),
('36220', 'บำเหน็จณรงค์', 'ชัยภูมิ'),
('36230', 'เทพสถิต', 'ชัยภูมิ'),
('36240', 'เมืองชัยภูมิ', 'ชัยภูมิ'),
('36250', 'หนองบัวระเหว', 'ชัยภูมิ'),
('36260', 'ภักดีชุมพล', 'ชัยภูมิ'),
('37000', 'เมืองอำนาจเจริญ', 'อำนาจเจริญ'),
('37110', 'ปทุมราชวงศา', 'อำนาจเจริญ'),
('37120', 'ลืออำนาจ', 'อำนาจเจริญ'),
('37180', 'พนา', 'อำนาจเจริญ'),
('37210', 'ชานุมาน', 'อำนาจเจริญ'),
('37240', 'หัวตะพาน', 'อำนาจเจริญ'),
('37290', 'เสนางคนิคม', 'อำนาจเจริญ'),
('38000', 'บุ่งคล้า', 'บึงกาฬ'),
('38000', 'เมืองบึงกาฬ', 'บึงกาฬ'),
('38150', 'เซกา', 'บึงกาฬ'),
('38170', 'โซ่พิสัย', 'บึงกาฬ'),
('38180', 'พรเจริญ', 'บึงกาฬ'),
('38190', 'ปากคาด', 'บึงกาฬ'),
('38210', 'ศรีวิไล', 'บึงกาฬ'),
('38220', 'บึงโขงหลง', 'บึงกาฬ'),
('39000', 'เมืองหนองบัวลำภู', 'หนองบัวลำภู'),
('39140', 'โนนสัง', 'หนองบัวลำภู'),
('39170', 'นากลาง', 'หนองบัวลำภู'),
('39170', 'นาวัง', 'หนองบัวลำภู'),
('39180', 'ศรีบุญเรือง', 'หนองบัวลำภู'),
('39270', 'สุวรรณคูหา', 'หนองบัวลำภู'),
('39350', 'นากลาง', 'หนองบัวลำภู'),
('40000', 'เมืองขอนแก่น', 'ขอนแก่น'),
('40002', 'เมืองขอนแก่น', 'ขอนแก่น'),
('40110', 'บ้านแฮด', 'ขอนแก่น'),
('40110', 'บ้านไผ่', 'ขอนแก่น'),
('40110', 'โนนศิลา', 'ขอนแก่น'),
('40120', 'พล', 'ขอนแก่น'),
('40130', 'ชุมแพ', 'ขอนแก่น'),
('40140', 'น้ำพอง', 'ขอนแก่น'),
('40150', 'ภูเวียง', 'ขอนแก่น'),
('40150', 'หนองนาคำ', 'ขอนแก่น'),
('40150', 'เวียงเก่า', 'ขอนแก่น'),
('40160', 'มัญจาคีรี', 'ขอนแก่น'),
('40160', 'โคกโพธิ์ไชย', 'ขอนแก่น'),
('40170', 'กระนวน', 'ขอนแก่น'),
('40170', 'ซำสูง', 'ขอนแก่น'),
('40180', 'ชนบท', 'ขอนแก่น'),
('40190', 'หนองสองห้อง', 'ขอนแก่น'),
('40210', 'หนองเรือ', 'ขอนแก่น'),
('40220', 'สีชมพู', 'ขอนแก่น'),
('40230', 'แวงน้อย', 'ขอนแก่น'),
('40240', 'หนองเรือ', 'ขอนแก่น'),
('40250', 'อุบลรัตน์', 'ขอนแก่น'),
('40260', 'เมืองขอนแก่น', 'ขอนแก่น'),
('40270', 'บ้านฝาง', 'ขอนแก่น'),
('40280', 'เขาสวนกวาง', 'ขอนแก่น'),
('40290', 'ชุมแพ', 'ขอนแก่น'),
('40310', 'น้ำพอง', 'ขอนแก่น'),
('40320', 'พระยืน', 'ขอนแก่น'),
('40330', 'แวงใหญ่', 'ขอนแก่น'),
('40340', 'เปือยน้อย', 'ขอนแก่น'),
('40350', 'ภูผาม่าน', 'ขอนแก่น'),
('41000', 'เมืองอุดรธานี', 'อุดรธานี'),
('41110', 'กุมภวาปี', 'อุดรธานี'),
('41110', 'ประจักษ์ศิลปาคม', 'อุดรธานี'),
('41130', 'กู่แก้ว', 'อุดรธานี'),
('41130', 'พิบูลย์รักษ์', 'อุดรธานี'),
('41130', 'หนองหาน', 'อุดรธานี'),
('41150', 'เพ็ญ', 'อุดรธานี'),
('41160', 'บ้านผือ', 'อุดรธานี'),
('41190', 'บ้านดุง', 'อุดรธานี'),
('41210', 'น้ำโสม', 'อุดรธานี'),
('41220', 'หนองวัวซอ', 'อุดรธานี'),
('41230', 'ศรีธาตุ', 'อุดรธานี'),
('41240', 'โนนสะอาด', 'อุดรธานี'),
('41250', 'กุดจับ', 'อุดรธานี'),
('41260', 'สร้างคอม', 'อุดรธานี'),
('41280', 'วังสามหมอ', 'อุดรธานี'),
('41290', 'ไชยวาน', 'อุดรธานี'),
('41310', 'ทุ่งฝน', 'อุดรธานี'),
('41320', 'หนองหาน', 'อุดรธานี'),
('41330', 'เมืองอุดรธานี', 'อุดรธานี'),
('41340', 'หนองแสง', 'อุดรธานี'),
('41360', 'หนองวัวซอ', 'อุดรธานี'),
('41370', 'กุมภวาปี', 'อุดรธานี'),
('41380', 'นายูง', 'อุดรธานี'),
('42000', 'เมืองเลย', 'เลย'),
('42100', 'เมืองเลย', 'เลย'),
('42110', 'เชียงคาน', 'เลย'),
('42120', 'ด่านซ้าย', 'เลย'),
('42130', 'วังสะพุง', 'เลย'),
('42140', 'ท่าลี่', 'เลย'),
('42150', 'ปากชม', 'เลย'),
('42160', 'ภูเรือ', 'เลย'),
('42170', 'นาแห้ว', 'เลย'),
('42180', 'ภูกระดึง', 'เลย'),
('42190', 'หนองหิน', 'เลย'),
('42210', 'นาด้วง', 'เลย'),
('42220', 'เอราวัณ', 'เลย'),
('42230', 'ภูหลวง', 'เลย'),
('42240', 'ผาขาว', 'เลย'),
('43000', 'เมืองหนองคาย', 'หนองคาย'),
('43100', 'สระใคร', 'หนองคาย'),
('43100', 'เมืองหนองคาย', 'หนองคาย'),
('43110', 'ท่าบ่อ', 'หนองคาย'),
('43120', 'รัตนวาปี', 'หนองคาย'),
('43120', 'โพนพิสัย', 'หนองคาย'),
('43130', 'ศรีเชียงใหม่', 'หนองคาย'),
('43130', 'โพธิ์ตาก', 'หนองคาย'),
('43160', 'สังคม', 'หนองคาย'),
('43230', 'เฝ้าไร่', 'หนองคาย'),
('44000', 'เมืองมหาสารคาม', 'มหาสารคาม'),
('44110', 'พยัคฆภูมิพิสัย', 'มหาสารคาม'),
('44120', 'วาปีปทุม', 'มหาสารคาม'),
('44130', 'กุดรัง', 'มหาสารคาม'),
('44130', 'บรบือ', 'มหาสารคาม'),
('44140', 'โกสุมพิสัย', 'มหาสารคาม'),
('44150', 'กันทรวิชัย', 'มหาสารคาม'),
('44160', 'ชื่นชม', 'มหาสารคาม'),
('44160', 'เชียงยืน', 'มหาสารคาม'),
('44170', 'นาเชือก', 'มหาสารคาม'),
('44180', 'นาดูน', 'มหาสารคาม'),
('44190', 'แกดำ', 'มหาสารคาม'),
('44210', 'ยางสีสุราช', 'มหาสารคาม'),
('45000', 'จังหาร', 'ร้อยเอ็ด'),
('45000', 'ศรีสมเด็จ', 'ร้อยเอ็ด'),
('45000', 'เชียงขวัญ', 'ร้อยเอ็ด'),
('45000', 'เมืองร้อยเอ็ด', 'ร้อยเอ็ด'),
('45110', 'โพนทอง', 'ร้อยเอ็ด'),
('45120', 'เสลภูมิ', 'ร้อยเอ็ด'),
('45130', 'สุวรรณภูมิ', 'ร้อยเอ็ด'),
('45140', 'พนมไพร', 'ร้อยเอ็ด'),
('45140', 'หนองฮี', 'ร้อยเอ็ด'),
('45150', 'เกษตรวิสัย', 'ร้อยเอ็ด'),
('45160', 'อาจสามารถ', 'ร้อยเอ็ด'),
('45170', 'ทุ่งเขาหลวง', 'ร้อยเอ็ด'),
('45170', 'ธวัชบุรี', 'ร้อยเอ็ด'),
('45170', 'เชียงขวัญ', 'ร้อยเอ็ด'),
('45180', 'จตุรพักตรพิมาน', 'ร้อยเอ็ด'),
('45190', 'ปทุมรัตต์', 'ร้อยเอ็ด'),
('45210', 'หนองพอก', 'ร้อยเอ็ด'),
('45220', 'เมืองสรวง', 'ร้อยเอ็ด'),
('45230', 'โพธิ์ชัย', 'ร้อยเอ็ด'),
('45240', 'โพนทราย', 'ร้อยเอ็ด'),
('45250', 'เมยวดี', 'ร้อยเอ็ด'),
('45280', 'ศรีสมเด็จ', 'ร้อยเอ็ด'),
('46000', 'ดอนจาน', 'กาฬสินธุ์'),
('46000', 'เมืองกาฬสินธุ์', 'กาฬสินธุ์'),
('46110', 'กุฉินารายณ์', 'กาฬสินธุ์'),
('46120', 'ยางตลาด', 'กาฬสินธุ์'),
('46130', 'กมลาไสย', 'กาฬสินธุ์'),
('46130', 'ฆ้องชัย', 'กาฬสินธุ์'),
('46140', 'สหัสขันธ์', 'กาฬสินธุ์'),
('46150', 'สมเด็จ', 'กาฬสินธุ์'),
('46160', 'นาคู', 'กาฬสินธุ์'),
('46160', 'เขาวง', 'กาฬสินธุ์'),
('46170', 'ห้วยเม็ก', 'กาฬสินธุ์'),
('46180', 'คำม่วง', 'กาฬสินธุ์'),
('46180', 'สามชัย', 'กาฬสินธุ์'),
('46190', 'ท่าคันโท', 'กาฬสินธุ์'),
('46210', 'ร่องคำ', 'กาฬสินธุ์'),
('46220', 'หนองกุงศรี', 'กาฬสินธุ์'),
('46230', 'นามน', 'กาฬสินธุ์'),
('46240', 'ห้วยผึ้ง', 'กาฬสินธุ์'),
('47000', 'เมืองสกลนคร', 'สกลนคร'),
('47110', 'สว่างแดนดิน', 'สกลนคร'),
('47120', 'วานรนิวาส', 'สกลนคร'),
('47130', 'พรรณานิคม', 'สกลนคร'),
('47140', 'บ้านม่วง', 'สกลนคร'),
('47150', 'วาริชภูมิ', 'สกลนคร'),
('47160', 'พังโคน', 'สกลนคร'),
('47170', 'อากาศอำนวย', 'สกลนคร'),
('47180', 'กุดบาก', 'สกลนคร'),
('47180', 'ภูพาน', 'สกลนคร'),
('47190', 'ส่องดาว', 'สกลนคร'),
('47210', 'กุสุมาลย์', 'สกลนคร'),
('47220', 'พรรณานิคม', 'สกลนคร'),
('47220', 'เมืองสกลนคร', 'สกลนคร'),
('47230', 'กุสุมาลย์', 'สกลนคร'),
('47230', 'เมืองสกลนคร', 'สกลนคร'),
('47230', 'โพนนาแก้ว', 'สกลนคร'),
('47240', 'สว่างแดนดิน', 'สกลนคร'),
('47250', 'คำตากล้า', 'สกลนคร'),
('47260', 'เต่างอย', 'สกลนคร'),
('47270', 'นิคมน้ำอูน', 'สกลนคร'),
('47280', 'โคกศรีสุพรรณ', 'สกลนคร'),
('47290', 'เจริญศิลป์', 'สกลนคร'),
('48000', 'เมืองนครพนม', 'นครพนม'),
('48110', 'ธาตุพนม', 'นครพนม'),
('48120', 'ท่าอุเทน', 'นครพนม'),
('48130', 'นาแก', 'นครพนม'),
('48130', 'วังยาง', 'นครพนม'),
('48140', 'นาทม', 'นครพนม'),
('48140', 'บ้านแพง', 'นครพนม'),
('48150', 'ศรีสงคราม', 'นครพนม'),
('48160', 'ปลาปาก', 'นครพนม'),
('48170', 'เรณูนคร', 'นครพนม'),
('48180', 'นาหว้า', 'นครพนม'),
('48190', 'โพนสวรรค์', 'นครพนม'),
('49000', 'เมืองมุกดาหาร', 'มุกดาหาร'),
('49110', 'คำชะอี', 'มุกดาหาร'),
('49120', 'ดอนตาล', 'มุกดาหาร'),
('49130', 'นิคมคำสร้อย', 'มุกดาหาร'),
('49140', 'ดงหลวง', 'มุกดาหาร'),
('49150', 'หว้านใหญ่', 'มุกดาหาร'),
('49160', 'หนองสูง', 'มุกดาหาร'),
('50000', 'เมืองเชียงใหม่', 'เชียงใหม่'),
('50100', 'เมืองเชียงใหม่', 'เชียงใหม่'),
('50110', 'ฝาง', 'เชียงใหม่'),
('50120', 'สันป่าตอง', 'เชียงใหม่'),
('50130', 'สันกำแพง', 'เชียงใหม่'),
('50130', 'แม่ออน', 'เชียงใหม่'),
('50140', 'สารภี', 'เชียงใหม่'),
('50150', 'แม่แตง', 'เชียงใหม่'),
('50160', 'จอมทอง', 'เชียงใหม่'),
('50160', 'ดอยหล่อ', 'เชียงใหม่'),
('50170', 'เชียงดาว', 'เชียงใหม่'),
('50180', 'แม่ริม', 'เชียงใหม่'),
('50190', 'พร้าว', 'เชียงใหม่'),
('50200', 'เมืองเชียงใหม่', 'เชียงใหม่'),
('50210', 'สันทราย', 'เชียงใหม่'),
('50220', 'ดอยสะเก็ด', 'เชียงใหม่'),
('50230', 'หางดง', 'เชียงใหม่'),
('50240', 'จอมทอง', 'เชียงใหม่'),
('50240', 'ฮอด', 'เชียงใหม่'),
('50250', 'สะเมิง', 'เชียงใหม่'),
('50260', 'ดอยเต่า', 'เชียงใหม่'),
('50270', 'แม่แจ่ม', 'เชียงใหม่'),
('50280', 'แม่อาย', 'เชียงใหม่'),
('50290', 'สันทราย', 'เชียงใหม่'),
('50290', 'เมืองเชียงใหม่', 'เชียงใหม่'),
('50300', 'เมืองเชียงใหม่', 'เชียงใหม่'),
('50310', 'อมก๋อย', 'เชียงใหม่'),
('50320', 'ฝาง', 'เชียงใหม่'),
('50320', 'ไชยปราการ', 'เชียงใหม่'),
('50330', 'แม่ริม', 'เชียงใหม่'),
('50330', 'แม่แตง', 'เชียงใหม่'),
('50340', 'หางดง', 'เชียงใหม่'),
('50350', 'เวียงแหง', 'เชียงใหม่'),
('50360', 'แม่วาง', 'เชียงใหม่'),
('51000', 'เมืองลำพูน', 'ลำพูน'),
('51110', 'ลี้', 'ลำพูน'),
('51120', 'ป่าซาง', 'ลำพูน'),
('51120', 'เวียงหนองล่อง', 'ลำพูน'),
('51130', 'บ้านโฮ่ง', 'ลำพูน'),
('51140', 'แม่ทา', 'ลำพูน'),
('51150', 'เมืองลำพูน', 'ลำพูน'),
('51160', 'ทุ่งหัวช้าง', 'ลำพูน'),
('51170', 'แม่ทา', 'ลำพูน'),
('51180', 'บ้านธิ', 'ลำพูน'),
('52000', 'เมืองลำปาง', 'ลำปาง'),
('52000', 'แม่เมาะ', 'ลำปาง'),
('52100', 'เมืองลำปาง', 'ลำปาง'),
('52110', 'งาว', 'ลำปาง'),
('52120', 'แจ้ห่ม', 'ลำปาง'),
('52130', 'เกาะคา', 'ลำปาง'),
('52140', 'วังเหนือ', 'ลำปาง'),
('52150', 'แม่ทะ', 'ลำปาง'),
('52160', 'เถิน', 'ลำปาง'),
('52170', 'สบปราบ', 'ลำปาง'),
('52180', 'แม่พริก', 'ลำปาง'),
('52190', 'ห้างฉัตร', 'ลำปาง'),
('52210', 'เสริมงาม', 'ลำปาง'),
('52220', 'เมืองลำปาง', 'ลำปาง'),
('52220', 'แม่ทะ', 'ลำปาง'),
('52220', 'แม่เมาะ', 'ลำปาง'),
('52230', 'เถิน', 'ลำปาง'),
('52230', 'แม่พริก', 'ลำปาง'),
('52240', 'เมืองปาน', 'ลำปาง'),
('53000', 'เมืองอุตรดิตถ์', 'อุตรดิตถ์'),
('53110', 'น้ำปาด', 'อุตรดิตถ์'),
('53120', 'พิชัย', 'อุตรดิตถ์'),
('53130', 'ลับแล', 'อุตรดิตถ์'),
('53140', 'ตรอน', 'อุตรดิตถ์'),
('53150', 'ท่าปลา', 'อุตรดิตถ์'),
('53160', 'ฟากท่า', 'อุตรดิตถ์'),
('53170', 'เมืองอุตรดิตถ์', 'อุตรดิตถ์'),
('53180', 'บ้านโคก', 'อุตรดิตถ์'),
('53190', 'ท่าปลา', 'อุตรดิตถ์'),
('53210', 'ลับแล', 'อุตรดิตถ์'),
('53220', 'พิชัย', 'อุตรดิตถ์'),
('53230', 'ทองแสนขัน', 'อุตรดิตถ์'),
('54000', 'สูงเม่น', 'แพร่'),
('54000', 'เมืองแพร่', 'แพร่'),
('54110', 'เด่นชัย', 'แพร่'),
('54120', 'สอง', 'แพร่'),
('54130', 'สูงเม่น', 'แพร่'),
('54140', 'ร้องกวาง', 'แพร่'),
('54150', 'ลอง', 'แพร่'),
('54160', 'วังชิ้น', 'แพร่'),
('54170', 'หนองม่วงไข่', 'แพร่'),
('55000', 'ภูเพียง', 'น่าน'),
('55000', 'เมืองน่าน', 'น่าน'),
('55110', 'เวียงสา', 'น่าน'),
('55120', 'ปัว', 'น่าน'),
('55130', 'ทุ่งช้าง', 'น่าน'),
('55130', 'เฉลิมพระเกียรติ', 'น่าน'),
('55140', 'ท่าวังผา', 'น่าน'),
('55150', 'นาน้อย', 'น่าน'),
('55160', 'สองแคว', 'น่าน'),
('55160', 'เชียงกลาง', 'น่าน'),
('55170', 'แม่จริม', 'น่าน'),
('55180', 'นาหมื่น', 'น่าน'),
('55190', 'บ้านหลวง', 'น่าน'),
('55210', 'สันติสุข', 'น่าน'),
('55220', 'บ่อเกลือ', 'น่าน'),
('55220', 'เฉลิมพระเกียรติ', 'น่าน'),
('56000', 'ภูกามยาว', 'พะเยา'),
('56000', 'เมืองพะเยา', 'พะเยา'),
('56110', 'ภูซาง', 'พะเยา'),
('56110', 'เชียงคำ', 'พะเยา'),
('56120', 'ดอกคำใต้', 'พะเยา'),
('56130', 'แม่ใจ', 'พะเยา'),
('56140', 'ปง', 'พะเยา'),
('56150', 'จุน', 'พะเยา'),
('56160', 'เชียงม่วน', 'พะเยา'),
('57000', 'เมืองเชียงราย', 'เชียงราย'),
('57000', 'แม่ลาว', 'เชียงราย'),
('57100', 'เมืองเชียงราย', 'เชียงราย'),
('57110', 'ดอยหลวง', 'เชียงราย'),
('57110', 'แม่จัน', 'เชียงราย'),
('57110', 'แม่ฟ้าหลวง', 'เชียงราย'),
('57120', 'พาน', 'เชียงราย'),
('57130', 'แม่สาย', 'เชียงราย'),
('57140', 'เชียงของ', 'เชียงราย'),
('57150', 'เชียงแสน', 'เชียงราย'),
('57160', 'เทิง', 'เชียงราย'),
('57170', 'เวียงป่าเป้า', 'เชียงราย'),
('57180', 'แม่สรวย', 'เชียงราย'),
('57190', 'ป่าแดด', 'เชียงราย'),
('57210', 'เวียงชัย', 'เชียงราย'),
('57210', 'เวียงเชียงรุ้ง', 'เชียงราย'),
('57220', 'แม่สาย', 'เชียงราย'),
('57230', 'เทิง', 'เชียงราย'),
('57240', 'แม่จัน', 'เชียงราย'),
('57240', 'แม่ฟ้าหลวง', 'เชียงราย'),
('57250', 'พาน', 'เชียงราย'),
('57250', 'แม่ลาว', 'เชียงราย'),
('57260', 'เวียงป่าเป้า', 'เชียงราย'),
('57270', 'แม่จัน', 'เชียงราย'),
('57280', 'พาน', 'เชียงราย'),
('57290', 'พญาเม็งราย', 'เชียงราย'),
('57310', 'เวียงแก่น', 'เชียงราย'),
('57340', 'ขุนตาล', 'เชียงราย'),
('58000', 'เมืองแม่ฮ่องสอน', 'แม่ฮ่องสอน'),
('58110', 'สบเมย', 'แม่ฮ่องสอน'),
('58110', 'แม่สะเรียง', 'แม่ฮ่องสอน'),
('58120', 'แม่ลาน้อย', 'แม่ฮ่องสอน'),
('58130', 'กัลยาณิวัฒนา', 'เชียงใหม่'),
('58130', 'ปาย', 'แม่ฮ่องสอน'),
('58140', 'ขุนยวม', 'แม่ฮ่องสอน'),
('58150', 'ปางมะผ้า', 'แม่ฮ่องสอน'),
('60000', 'เมืองนครสวรรค์', 'นครสวรรค์'),
('60110', 'หนองบัว', 'นครสวรรค์'),
('60120', 'ชุมแสง', 'นครสวรรค์'),
('60130', 'พยุหะคีรี', 'นครสวรรค์'),
('60140', 'ตาคลี', 'นครสวรรค์'),
('60150', 'ชุมตาบง', 'นครสวรรค์'),
('60150', 'ลาดยาว', 'นครสวรรค์'),
('60150', 'แม่วงก์', 'นครสวรรค์'),
('60150', 'แม่เปิน', 'นครสวรรค์'),
('60160', 'ท่าตะโก', 'นครสวรรค์'),
('60170', 'โกรกพระ', 'นครสวรรค์'),
('60180', 'บรรพตพิสัย', 'นครสวรรค์'),
('60190', 'ตากฟ้า', 'นครสวรรค์'),
('60210', 'ตาคลี', 'นครสวรรค์'),
('60220', 'ไพศาลี', 'นครสวรรค์'),
('60230', 'เก้าเลี้ยว', 'นครสวรรค์'),
('60240', 'เมืองนครสวรรค์', 'นครสวรรค์'),
('60250', 'ชุมแสง', 'นครสวรรค์'),
('60260', 'ตาคลี', 'นครสวรรค์'),
('61000', 'เมืองอุทัยธานี', 'อุทัยธานี'),
('61110', 'หนองฉาง', 'อุทัยธานี'),
('61120', 'ทัพทัน', 'อุทัยธานี'),
('61130', 'หนองขาหย่าง', 'อุทัยธานี'),
('61140', 'บ้านไร่', 'อุทัยธานี'),
('61150', 'สว่างอารมณ์', 'อุทัยธานี'),
('61160', 'ลานสัก', 'อุทัยธานี'),
('61170', 'หนองฉาง', 'อุทัยธานี'),
('61170', 'ห้วยคต', 'อุทัยธานี'),
('61180', 'บ้านไร่', 'อุทัยธานี'),
('62000', 'เมืองกำแพงเพชร', 'กำแพงเพชร'),
('62000', 'โกสัมพีนคร', 'กำแพงเพชร'),
('62110', 'พรานกระต่าย', 'กำแพงเพชร'),
('62120', 'คลองขลุง', 'กำแพงเพชร'),
('62120', 'ปางศิลาทอง', 'กำแพงเพชร'),
('62130', 'ขาณุวรลักษบุรี', 'กำแพงเพชร'),
('62140', 'ขาณุวรลักษบุรี', 'กำแพงเพชร'),
('62150', 'ไทรงาม', 'กำแพงเพชร'),
('62160', 'เมืองกำแพงเพชร', 'กำแพงเพชร'),
('62170', 'ลานกระบือ', 'กำแพงเพชร'),
('62180', 'คลองลาน', 'กำแพงเพชร'),
('62190', 'ทรายทองวัฒนา', 'กำแพงเพชร'),
('62210', 'บึงสามัคคี', 'กำแพงเพชร'),
('63000', 'เมืองตาก', 'ตาก'),
('63110', 'แม่สอด', 'ตาก'),
('63120', 'บ้านตาก', 'ตาก'),
('63130', 'สามเงา', 'ตาก'),
('63140', 'แม่ระมาด', 'ตาก'),
('63150', 'ท่าสองยาง', 'ตาก'),
('63160', 'พบพระ', 'ตาก'),
('63170', 'อุ้มผาง', 'ตาก'),
('63180', 'วังเจ้า', 'ตาก'),
('64000', 'เมืองสุโขทัย', 'สุโขทัย'),
('64110', 'สวรรคโลก', 'สุโขทัย'),
('64120', 'ศรีสำโรง', 'สุโขทัย'),
('64130', 'ศรีสัชนาลัย', 'สุโขทัย'),
('64140', 'บ้านด่านลานหอย', 'สุโขทัย'),
('64150', 'ทุ่งเสลี่ยม', 'สุโขทัย'),
('64160', 'คีรีมาศ', 'สุโขทัย'),
('64170', 'กงไกรลาศ', 'สุโขทัย'),
('64180', 'ศรีนคร', 'สุโขทัย'),
('64190', 'ศรีสัชนาลัย', 'สุโขทัย'),
('64210', 'เมืองสุโขทัย', 'สุโขทัย'),
('64220', 'เมืองสุโขทัย', 'สุโขทัย'),
('64230', 'ทุ่งเสลี่ยม', 'สุโขทัย'),
('65000', 'เมืองพิษณุโลก', 'พิษณุโลก'),
('65110', 'บางกระทุ่ม', 'พิษณุโลก'),
('65120', 'นครไทย', 'พิษณุโลก'),
('65130', 'วังทอง', 'พิษณุโลก'),
('65140', 'บางระกำ', 'พิษณุโลก'),
('65150', 'พรหมพิราม', 'พิษณุโลก'),
('65160', 'วัดโบสถ์', 'พิษณุโลก'),
('65170', 'ชาติตระการ', 'พิษณุโลก'),
('65180', 'พรหมพิราม', 'พิษณุโลก'),
('65190', 'เนินมะปราง', 'พิษณุโลก'),
('65210', 'บางกระทุ่ม', 'พิษณุโลก'),
('65220', 'วังทอง', 'พิษณุโลก'),
('65230', 'เมืองพิษณุโลก', 'พิษณุโลก'),
('65240', 'บางระกำ', 'พิษณุโลก'),
('66000', 'เมืองพิจิตร', 'พิจิตร'),
('66110', 'ตะพานหิน', 'พิจิตร'),
('66120', 'บางมูลนาก', 'พิจิตร'),
('66130', 'บึงนาราง', 'พิจิตร'),
('66130', 'โพทะเล', 'พิจิตร'),
('66140', 'วชิรบารมี', 'พิจิตร'),
('66140', 'สามง่าม', 'พิจิตร'),
('66150', 'ตะพานหิน', 'พิจิตร'),
('66150', 'ทับคล้อ', 'พิจิตร'),
('66160', 'สากเหล็ก', 'พิจิตร'),
('66170', 'เมืองพิจิตร', 'พิจิตร'),
('66180', 'วังทรายพูน', 'พิจิตร'),
('66190', 'โพธิ์ประทับช้าง', 'พิจิตร'),
('66210', 'ดงเจริญ', 'พิจิตร'),
('66210', 'บางมูลนาก', 'พิจิตร'),
('66220', 'วชิรบารมี', 'พิจิตร'),
('66220', 'สามง่าม', 'พิจิตร'),
('66230', 'ทับคล้อ', 'พิจิตร'),
('67000', 'เมืองเพชรบูรณ์', 'เพชรบูรณ์'),
('67110', 'หล่มสัก', 'เพชรบูรณ์'),
('67120', 'หล่มเก่า', 'เพชรบูรณ์'),
('67130', 'วิเชียรบุรี', 'เพชรบูรณ์'),
('67140', 'หนองไผ่', 'เพชรบูรณ์'),
('67150', 'ชนแดน', 'เพชรบูรณ์'),
('67160', 'บึงสามพัน', 'เพชรบูรณ์'),
('67170', 'ศรีเทพ', 'เพชรบูรณ์'),
('67180', 'วิเชียรบุรี', 'เพชรบูรณ์'),
('67190', 'ชนแดน', 'เพชรบูรณ์'),
('67210', 'เมืองเพชรบูรณ์', 'เพชรบูรณ์'),
('67220', 'หนองไผ่', 'เพชรบูรณ์'),
('67230', 'บึงสามพัน', 'เพชรบูรณ์'),
('67240', 'วังโป่ง', 'เพชรบูรณ์'),
('67250', 'เมืองเพชรบูรณ์', 'เพชรบูรณ์'),
('67260', 'น้ำหนาว', 'เพชรบูรณ์'),
('67270', 'เขาค้อ', 'เพชรบูรณ์'),
('67280', 'เขาค้อ', 'เพชรบูรณ์'),
('70000', 'เมืองราชบุรี', 'ราชบุรี'),
('70110', 'บ้านโป่ง', 'ราชบุรี'),
('70120', 'โพธาราม', 'ราชบุรี'),
('70130', 'ดำเนินสะดวก', 'ราชบุรี'),
('70140', 'ปากท่อ', 'ราชบุรี'),
('70150', 'จอมบึง', 'ราชบุรี'),
('70160', 'บางแพ', 'ราชบุรี'),
('70170', 'วัดเพลง', 'ราชบุรี'),
('70180', 'บ้านคา', 'ราชบุรี'),
('70180', 'สวนผึ้ง', 'ราชบุรี'),
('70190', 'ท่ามะกา', 'กาญจนบุรี'),
('70190', 'บ้านโป่ง', 'ราชบุรี'),
('70210', 'ดำเนินสะดวก', 'ราชบุรี'),
('70210', 'บ้านแพ้ว', 'สมุทรสาคร'),
('71000', 'ท่าม่วง', 'กาญจนบุรี'),
('71000', 'เมืองกาญจนบุรี', 'กาญจนบุรี'),
('71110', 'ท่าม่วง', 'กาญจนบุรี'),
('71120', 'ท่ามะกา', 'กาญจนบุรี'),
('71130', 'ท่ามะกา', 'กาญจนบุรี'),
('71130', 'ท่าม่วง', 'กาญจนบุรี'),
('71140', 'พนมทวน', 'กาญจนบุรี'),
('71150', 'ไทรโยค', 'กาญจนบุรี'),
('71160', 'บ่อพลอย', 'กาญจนบุรี'),
('71170', 'พนมทวน', 'กาญจนบุรี'),
('71170', 'สองพี่น้อง', 'สุพรรณบุรี'),
('71170', 'ห้วยกระเจา', 'กาญจนบุรี'),
('71170', 'อู่ทอง', 'สุพรรณบุรี'),
('71180', 'ทองผาภูมิ', 'กาญจนบุรี'),
('71190', 'เมืองกาญจนบุรี', 'กาญจนบุรี'),
('71210', 'เลาขวัญ', 'กาญจนบุรี'),
('71220', 'บ่อพลอย', 'กาญจนบุรี'),
('71220', 'ศรีสวัสดิ์', 'กาญจนบุรี'),
('71220', 'หนองปรือ', 'กาญจนบุรี'),
('71240', 'สังขละบุรี', 'กาญจนบุรี'),
('71250', 'ศรีสวัสดิ์', 'กาญจนบุรี'),
('71260', 'ด่านมะขามเตี้ย', 'กาญจนบุรี'),
('72000', 'เมืองสุพรรณบุรี', 'สุพรรณบุรี'),
('72110', 'สองพี่น้อง', 'สุพรรณบุรี'),
('72120', 'เดิมบางนางบวช', 'สุพรรณบุรี'),
('72130', 'สามชุก', 'สุพรรณบุรี'),
('72140', 'ศรีประจันต์', 'สุพรรณบุรี'),
('72150', 'บางปลาม้า', 'สุพรรณบุรี'),
('72160', 'อู่ทอง', 'สุพรรณบุรี'),
('72170', 'ดอนเจดีย์', 'สุพรรณบุรี'),
('72180', 'ด่านช้าง', 'สุพรรณบุรี'),
('72190', 'สองพี่น้อง', 'สุพรรณบุรี'),
('72210', 'เมืองสุพรรณบุรี', 'สุพรรณบุรี'),
('72220', 'อู่ทอง', 'สุพรรณบุรี'),
('72230', 'เมืองสุพรรณบุรี', 'สุพรรณบุรี'),
('72240', 'หนองหญ้าไซ', 'สุพรรณบุรี'),
('72250', 'ดอนเจดีย์', 'สุพรรณบุรี'),
('73000', 'เมืองนครปฐม', 'นครปฐม'),
('73110', 'สามพราน', 'นครปฐม'),
('73120', 'นครชัยศรี', 'นครปฐม'),
('73130', 'บางเลน', 'นครปฐม'),
('73140', 'กำแพงแสน', 'นครปฐม'),
('73150', 'ดอนตูม', 'นครปฐม'),
('73160', 'สามพราน', 'นครปฐม'),
('73170', 'พุทธมณฑล', 'นครปฐม'),
('73180', 'กำแพงแสน', 'นครปฐม'),
('73190', 'บางเลน', 'นครปฐม'),
('73210', 'สามพราน', 'นครปฐม'),
('73220', 'สามพราน', 'นครปฐม'),
('74000', 'เมืองสมุทรสาคร', 'สมุทรสาคร'),
('74110', 'กระทุ่มแบน', 'สมุทรสาคร'),
('74120', 'บ้านแพ้ว', 'สมุทรสาคร'),
('74130', 'กระทุ่มแบน', 'สมุทรสาคร'),
('75000', 'เมืองสมุทรสงคราม', 'สมุทรสงคราม'),
('75110', 'อัมพวา', 'สมุทรสงคราม'),
('75120', 'บางคนที', 'สมุทรสงคราม'),
('76000', 'เมืองเพชรบุรี', 'เพชรบุรี'),
('76100', 'บ้านแหลม', 'เพชรบุรี'),
('76100', 'เมืองเพชรบุรี', 'เพชรบุรี'),
('76110', 'บ้านแหลม', 'เพชรบุรี'),
('76120', 'ชะอำ', 'เพชรบุรี'),
('76130', 'ท่ายาง', 'เพชรบุรี'),
('76140', 'เขาย้อย', 'เพชรบุรี'),
('76150', 'บ้านลาด', 'เพชรบุรี'),
('76160', 'หนองหญ้าปล้อง', 'เพชรบุรี'),
('76170', 'แก่งกระจาน', 'เพชรบุรี'),
('77000', 'เมืองประจวบคีรีขันธ์', 'ประจวบคีรีขันธ์'),
('77110', 'หัวหิน', 'ประจวบคีรีขันธ์'),
('77120', 'ปราณบุรี', 'ประจวบคีรีขันธ์'),
('77120', 'สามร้อยยอด', 'ประจวบคีรีขันธ์'),
('77130', 'ทับสะแก', 'ประจวบคีรีขันธ์'),
('77140', 'บางสะพาน', 'ประจวบคีรีขันธ์'),
('77150', 'กุยบุรี', 'ประจวบคีรีขันธ์'),
('77160', 'ปราณบุรี', 'ประจวบคีรีขันธ์'),
('77170', 'บางสะพานน้อย', 'ประจวบคีรีขันธ์'),
('77180', 'สามร้อยยอด', 'ประจวบคีรีขันธ์'),
('77190', 'บางสะพาน', 'ประจวบคีรีขันธ์'),
('77210', 'เมืองประจวบคีรีขันธ์', 'ประจวบคีรีขันธ์'),
('77220', 'ปราณบุรี', 'ประจวบคีรีขันธ์'),
('77230', 'บางสะพาน', 'ประจวบคีรีขันธ์'),
('80000', 'พระพรหม', 'นครศรีธรรมราช'),
('80000', 'เมืองนครศรีธรรมราช', 'นครศรีธรรมราช'),
('80110', 'ทุ่งสง', 'นครศรีธรรมราช'),
('80120', 'สิชล', 'นครศรีธรรมราช'),
('80130', 'จุฬาภรณ์', 'นครศรีธรรมราช'),
('80130', 'ร่อนพิบูลย์', 'นครศรีธรรมราช'),
('80140', 'ปากพนัง', 'นครศรีธรรมราช'),
('80150', 'ฉวาง', 'นครศรีธรรมราช'),
('80160', 'ท่าศาลา', 'นครศรีธรรมราช'),
('80160', 'นบพิตำ', 'นครศรีธรรมราช'),
('80170', 'หัวไทร', 'นครศรีธรรมราช'),
('80180', 'จุฬาภรณ์', 'นครศรีธรรมราช'),
('80180', 'ชะอวด', 'นครศรีธรรมราช'),
('80190', 'เฉลิมพระเกียรติ', 'นครศรีธรรมราช'),
('80190', 'เชียรใหญ่', 'นครศรีธรรมราช'),
('80210', 'ขนอม', 'นครศรีธรรมราช'),
('80220', 'ช้างกลาง', 'นครศรีธรรมราช'),
('80220', 'นาบอน', 'นครศรีธรรมราช'),
('80230', 'ลานสกา', 'นครศรีธรรมราช'),
('80240', 'ทุ่งใหญ่', 'นครศรีธรรมราช'),
('80240', 'เขาพนม', 'กระบี่'),
('80250', 'ฉวาง', 'นครศรีธรรมราช'),
('80250', 'ช้างกลาง', 'นครศรีธรรมราช'),
('80250', 'นาบอน', 'นครศรีธรรมราช'),
('80260', 'ฉวาง', 'นครศรีธรรมราช'),
('80260', 'ถ้ำพรรณรา', 'นครศรีธรรมราช'),
('80270', 'พิปูน', 'นครศรีธรรมราช'),
('80280', 'เมืองนครศรีธรรมราช', 'นครศรีธรรมราช'),
('80290', 'เฉลิมพระเกียรติ', 'นครศรีธรรมราช'),
('80290', 'เมืองนครศรีธรรมราช', 'นครศรีธรรมราช'),
('80310', 'ทุ่งสง', 'นครศรีธรรมราช'),
('80320', 'พรหมคีรี', 'นครศรีธรรมราช'),
('80330', 'ปากพนัง', 'นครศรีธรรมราช'),
('80330', 'เมืองนครศรีธรรมราช', 'นครศรีธรรมราช'),
('80340', 'สิชล', 'นครศรีธรรมราช'),
('80350', 'ร่อนพิบูลย์', 'นครศรีธรรมราช'),
('80350', 'เฉลิมพระเกียรติ', 'นครศรีธรรมราช'),
('80360', 'บางขัน', 'นครศรีธรรมราช'),
('81000', 'เมืองกระบี่', 'กระบี่'),
('81110', 'อ่าวลึก', 'กระบี่'),
('81120', 'คลองท่อม', 'กระบี่'),
('81120', 'เกาะลันตา', 'กระบี่'),
('81130', 'เหนือคลอง', 'กระบี่'),
('81140', 'เขาพนม', 'กระบี่'),
('81150', 'เกาะลันตา', 'กระบี่'),
('81160', 'ปลายพระยา', 'กระบี่'),
('81170', 'คลองท่อม', 'กระบี่'),
('81190', 'ลำทับ', 'กระบี่'),
('82000', 'เมืองพังงา', 'พังงา'),
('82110', 'ตะกั่วป่า', 'พังงา'),
('82120', 'ท้ายเหมือง', 'พังงา'),
('82130', 'ตะกั่วทุ่ง', 'พังงา'),
('82140', 'ตะกั่วทุ่ง', 'พังงา'),
('82150', 'คุระบุรี', 'พังงา'),
('82160', 'เกาะยาว', 'พังงา'),
('82170', 'กะปง', 'พังงา'),
('82180', 'ทับปุด', 'พังงา'),
('82190', 'ตะกั่วป่า', 'พังงา'),
('82210', 'ท้ายเหมือง', 'พังงา'),
('83000', 'เกาะยาว', 'พังงา'),
('83000', 'เมืองภูเก็ต', 'ภูเก็ต'),
('83100', 'เมืองภูเก็ต', 'ภูเก็ต'),
('83110', 'ถลาง', 'ภูเก็ต'),
('83120', 'กะทู้', 'ภูเก็ต'),
('83130', 'เมืองภูเก็ต', 'ภูเก็ต'),
('83150', 'กะทู้', 'ภูเก็ต'),
('84000', 'เมืองสุราษฎร์ธานี', 'สุราษฎร์ธานี'),
('84100', 'เมืองสุราษฎร์ธานี', 'สุราษฎร์ธานี'),
('84110', 'ไชยา', 'สุราษฎร์ธานี'),
('84120', 'บ้านนาสาร', 'สุราษฎร์ธานี'),
('84130', 'พุนพิน', 'สุราษฎร์ธานี'),
('84140', 'เกาะสมุย', 'สุราษฎร์ธานี'),
('84150', 'ท่าฉาง', 'สุราษฎร์ธานี'),
('84160', 'กาญจนดิษฐ์', 'สุราษฎร์ธานี'),
('84160', 'ดอนสัก', 'สุราษฎร์ธานี'),
('84170', 'ท่าชนะ', 'สุราษฎร์ธานี'),
('84180', 'คีรีรัฐนิคม', 'สุราษฎร์ธานี'),
('84190', 'เวียงสระ', 'สุราษฎร์ธานี'),
('84210', 'พระแสง', 'สุราษฎร์ธานี'),
('84210', 'เคียนซา', 'สุราษฎร์ธานี'),
('84220', 'ดอนสัก', 'สุราษฎร์ธานี'),
('84220', 'เกาะสมุย', 'สุราษฎร์ธานี'),
('84230', 'บ้านตาขุน', 'สุราษฎร์ธานี'),
('84240', 'บ้านนาสาร', 'สุราษฎร์ธานี'),
('84240', 'บ้านนาเดิม', 'สุราษฎร์ธานี'),
('84250', 'พนม', 'สุราษฎร์ธานี'),
('84260', 'เคียนซา', 'สุราษฎร์ธานี'),
('84270', 'บ้านนาสาร', 'สุราษฎร์ธานี'),
('84280', 'เกาะพะงัน', 'สุราษฎร์ธานี'),
('84290', 'กาญจนดิษฐ์', 'สุราษฎร์ธานี'),
('84310', 'เกาะสมุย', 'สุราษฎร์ธานี'),
('84320', 'เกาะสมุย', 'สุราษฎร์ธานี'),
('84330', 'เกาะสมุย', 'สุราษฎร์ธานี'),
('84340', 'กาญจนดิษฐ์', 'สุราษฎร์ธานี'),
('84340', 'ดอนสัก', 'สุราษฎร์ธานี'),
('84350', 'ชัยบุรี', 'สุราษฎร์ธานี'),
('84360', 'เกาะพะงัน', 'สุราษฎร์ธานี'),
('84370', 'วิภาวดี', 'สุราษฎร์ธานี'),
('85000', 'เมืองระนอง', 'ระนอง'),
('85110', 'กระบุรี', 'ระนอง'),
('85120', 'กะเปอร์', 'ระนอง'),
('85120', 'สุขสำราญ', 'ระนอง'),
('85130', 'ละอุ่น', 'ระนอง'),
('85130', 'เมืองระนอง', 'ระนอง'),
('86000', 'เมืองชุมพร', 'ชุมพร'),
('86100', 'เมืองชุมพร', 'ชุมพร'),
('86110', 'หลังสวน', 'ชุมพร'),
('86120', 'เมืองชุมพร', 'ชุมพร'),
('86130', 'สวี', 'ชุมพร'),
('86140', 'ท่าแซะ', 'ชุมพร'),
('86150', 'หลังสวน', 'ชุมพร'),
('86160', 'ปะทิว', 'ชุมพร'),
('86170', 'ละแม', 'ชุมพร'),
('86180', 'พะโต๊ะ', 'ชุมพร'),
('86190', 'ท่าแซะ', 'ชุมพร'),
('86190', 'เมืองชุมพร', 'ชุมพร'),
('86210', 'ปะทิว', 'ชุมพร'),
('86220', 'ทุ่งตะโก', 'ชุมพร'),
('86230', 'ปะทิว', 'ชุมพร'),
('90000', 'เมืองสงขลา', 'สงขลา'),
('90100', 'เมืองสงขลา', 'สงขลา'),
('90110', 'คลองหอยโข่ง', 'สงขลา'),
('90110', 'บางกล่ำ', 'สงขลา'),
('90110', 'หาดใหญ่', 'สงขลา'),
('90112', 'หาดใหญ่', 'สงขลา'),
('90115', 'คลองหอยโข่ง', 'สงขลา'),
('90120', 'สะเดา', 'สงขลา'),
('90130', 'จะนะ', 'สงขลา'),
('90140', 'ระโนด', 'สงขลา'),
('90150', 'เทพา', 'สงขลา'),
('90160', 'นาทวี', 'สงขลา'),
('90170', 'สะเดา', 'สงขลา'),
('90180', 'รัตภูมิ', 'สงขลา'),
('90190', 'สทิงพระ', 'สงขลา'),
('90210', 'สะบ้าย้อย', 'สงขลา'),
('90220', 'ควนเนียง', 'สงขลา'),
('90220', 'รัตภูมิ', 'สงขลา'),
('90230', 'คลองหอยโข่ง', 'สงขลา'),
('90230', 'หาดใหญ่', 'สงขลา'),
('90240', 'สะเดา', 'สงขลา'),
('90250', 'หาดใหญ่', 'สงขลา'),
('90260', 'เทพา', 'สงขลา'),
('90270', 'กระแสสินธุ์', 'สงขลา'),
('90280', 'สิงหนคร', 'สงขลา'),
('90310', 'นาหม่อม', 'สงขลา'),
('90320', 'สะเดา', 'สงขลา'),
('90330', 'สิงหนคร', 'สงขลา'),
('91000', 'เมืองสตูล', 'สตูล'),
('91110', 'ละงู', 'สตูล'),
('91110', 'เมืองสตูล', 'สตูล'),
('91120', 'ทุ่งหว้า', 'สตูล'),
('91130', 'ควนกาหลง', 'สตูล'),
('91130', 'มะนัง', 'สตูล'),
('91140', 'เมืองสตูล', 'สตูล'),
('91150', 'ท่าแพ', 'สตูล'),
('91160', 'ควนโดน', 'สตูล'),
('92000', 'วังวิเศษ', 'ตรัง'),
('92000', 'สิเกา', 'ตรัง'),
('92000', 'เมืองตรัง', 'ตรัง'),
('92110', 'กันตัง', 'ตรัง'),
('92120', 'ปะเหลียน', 'ตรัง'),
('92120', 'หาดสำราญ', 'ตรัง'),
('92130', 'รัษฎา', 'ตรัง'),
('92130', 'ห้วยยอด', 'ตรัง'),
('92140', 'ปะเหลียน', 'ตรัง'),
('92140', 'ย่านตาขาว', 'ตรัง'),
('92150', 'สิเกา', 'ตรัง'),
('92160', 'รัษฎา', 'ตรัง'),
('92170', 'นาโยง', 'ตรัง'),
('92170', 'เมืองตรัง', 'ตรัง'),
('92180', 'ปะเหลียน', 'ตรัง'),
('92190', 'ห้วยยอด', 'ตรัง'),
('92190', 'เมืองตรัง', 'ตรัง'),
('92210', 'ห้วยยอด', 'ตรัง'),
('92220', 'วังวิเศษ', 'ตรัง'),
('93000', 'กงหรา', 'พัทลุง'),
('93000', 'ศรีนครินทร์', 'พัทลุง'),
('93000', 'เมืองพัทลุง', 'พัทลุง'),
('93110', 'ควนขนุน', 'พัทลุง'),
('93120', 'ปากพะยูน', 'พัทลุง'),
('93130', 'เขาชัยสน', 'พัทลุง'),
('93140', 'บางแก้ว', 'พัทลุง'),
('93150', 'ควนขนุน', 'พัทลุง'),
('93160', 'ตะโหมด', 'พัทลุง'),
('93160', 'บางแก้ว', 'พัทลุง'),
('93170', 'ป่าบอน', 'พัทลุง'),
('93180', 'กงหรา', 'พัทลุง'),
('93190', 'ศรีบรรพต', 'พัทลุง'),
('93210', 'ป่าพะยอม', 'พัทลุง'),
('94000', 'เมืองปัตตานี', 'ปัตตานี'),
('94110', 'สายบุรี', 'ปัตตานี'),
('94120', 'โคกโพธิ์', 'ปัตตานี'),
('94130', 'ปะนาเระ', 'ปัตตานี'),
('94140', 'ทุ่งยางแดง', 'ปัตตานี'),
('94140', 'มายอ', 'ปัตตานี'),
('94150', 'ยะหริ่ง', 'ปัตตานี'),
('94160', 'ยะรัง', 'ปัตตานี'),
('94170', 'หนองจิก', 'ปัตตานี'),
('94180', 'แม่ลาน', 'ปัตตานี'),
('94180', 'โคกโพธิ์', 'ปัตตานี'),
('94190', 'ปะนาเระ', 'ปัตตานี'),
('94190', 'มายอ', 'ปัตตานี'),
('94190', 'ยะหริ่ง', 'ปัตตานี'),
('94190', 'สายบุรี', 'ปัตตานี'),
('94220', 'ไม้แก่น', 'ปัตตานี'),
('94230', 'กะพ้อ', 'ปัตตานี'),
('95000', 'กรงปินัง', 'ยะลา'),
('95000', 'เมืองยะลา', 'ยะลา'),
('95110', 'เบตง', 'ยะลา'),
('95120', 'กาบัง', 'ยะลา'),
('95120', 'ยะหา', 'ยะลา'),
('95130', 'ธารโต', 'ยะลา'),
('95130', 'บันนังสตา', 'ยะลา'),
('95140', 'รามัน', 'ยะลา'),
('95150', 'ธารโต', 'ยะลา'),
('95160', 'เมืองยะลา', 'ยะลา'),
('95170', 'ธารโต', 'ยะลา'),
('96000', 'เมืองนราธิวาส', 'นราธิวาส'),
('96110', 'ตากใบ', 'นราธิวาส'),
('96120', 'สุไหงโก-ลก', 'นราธิวาส'),
('96130', 'ระแงะ', 'นราธิวาส'),
('96130', 'เจาะไอร้อง', 'นราธิวาส'),
('96140', 'สุไหงปาดี', 'นราธิวาส'),
('96150', 'รือเสาะ', 'นราธิวาส'),
('96160', 'แว้ง', 'นราธิวาส'),
('96170', 'บาเจาะ', 'นราธิวาส'),
('96180', 'ยี่งอ', 'นราธิวาส'),
('96190', 'สุคิริน', 'นราธิวาส'),
('96210', 'ศรีสาคร', 'นราธิวาส'),
('96220', 'จะแนะ', 'นราธิวาส'),
('96220', 'ระแงะ', 'นราธิวาส');

-- --------------------------------------------------------

--
-- Table structure for table `category`
--

CREATE TABLE `category` (
  `category_id` int(11) NOT NULL,
  `category_name` varchar(255) NOT NULL
) ENGINE=InnoDB DEFAULT CHARSET=utf8mb4 COLLATE=utf8mb4_general_ci;

--
-- Dumping data for table `category`
--

INSERT INTO `category` (`category_id`, `category_name`) VALUES
(0, 'Clothes'),
(1, 'Shoes'),
(2, 'Fashion Accessories'),
(3, 'Watches & Glasses'),
(4, 'Beauty & Personal Care'),
(5, 'Pets'),
(6, 'Furniture'),
(7, 'Home Appliances'),
(8, 'Computers & Laptops'),
(9, 'Mobile & Gadgets'),
(10, 'Tools & Home Improvement'),
(11, 'Health & Household');

-- --------------------------------------------------------

--
-- Table structure for table `chat`
--

CREATE TABLE `chat` (
  `chat_id` int(11) NOT NULL,
  `send_user_id` int(11) NOT NULL,
  `receive_user_id` int(11) NOT NULL,
  `chat_text` varchar(255) NOT NULL,
  `chat_timestamp` timestamp NOT NULL DEFAULT current_timestamp() ON UPDATE current_timestamp()
) ENGINE=InnoDB DEFAULT CHARSET=utf8mb4 COLLATE=utf8mb4_general_ci;

--
-- Dumping data for table `chat`
--

INSERT INTO `chat` (`chat_id`, `send_user_id`, `receive_user_id`, `chat_text`, `chat_timestamp`) VALUES
(1, 17, 14, 'เสีย', '2023-12-11 10:19:09'),
(2, 2, 16, 'รั่ว', '2023-12-11 10:56:32'),
(3, 2, 13, 'ครับ', '2023-12-11 10:56:56');

-- --------------------------------------------------------

--
-- Table structure for table `coupon`
--

CREATE TABLE `coupon` (
  `coupon_code` varchar(255) NOT NULL,
  `discount_amount` int(11) NOT NULL,
  `discount_type` varchar(255) NOT NULL,
  `description` varchar(255) NOT NULL,
  `expiration_date` datetime NOT NULL
) ENGINE=InnoDB DEFAULT CHARSET=utf8mb4 COLLATE=utf8mb4_general_ci;

--
-- Dumping data for table `coupon`
--

INSERT INTO `coupon` (`coupon_code`, `discount_amount`, `discount_type`, `description`, `expiration_date`) VALUES
('NEWUSER', 50, 'Fixed Amount', 'Discount for new users.', '2023-12-31 05:00:00');

-- --------------------------------------------------------

--
-- Table structure for table `product`
--

CREATE TABLE `product` (
  `product_id` int(11) NOT NULL,
  `user_id` int(11) NOT NULL,
  `category_id` int(11) NOT NULL,
  `product_name` varchar(255) NOT NULL,
  `product_description` text NOT NULL,
  `price` float NOT NULL,
  `stock_remaining` int(11) NOT NULL,
  `image_path` varchar(255) NOT NULL
) ENGINE=InnoDB DEFAULT CHARSET=utf8mb4 COLLATE=utf8mb4_general_ci;

--
-- Dumping data for table `product`
--

INSERT INTO `product` (`product_id`, `user_id`, `category_id`, `product_name`, `product_description`, `price`, `stock_remaining`, `image_path`) VALUES
(1, 6, 9, 'iPhone 15 Pro Max 512GB Natural Titanium', 'iPhone 15 Pro Max สรรค์สร้างจากไทเทเนียมที่แข็งแกร่งและมีน้ำหนักเบาเกรดเดียวกับที่ใช้ในอุตสาหกรรมอวกาศ พร้อมระบบกล้อง iPhone ที่ทรงพลังที่สุดเท่าที่เคยมีมา  Dynamic Island ให้คุณต่อติดได้กับทุกเรื่องราวโดยไม่ต้องแตะอะไร และการตรวจจับการชนกัน คุณสมบัติด้านความปลอดภัย ที่พร้อมโทรขอความช่วยเหลือเมื่อคุณไม่สามารถ', 57900, 48, '../product-img/1.jpg'),
(2, 6, 9, 'iPhone 12 64GB Black', 'เร็วยิ่งกว่าเร็ว ทั้งชิพที่เร็วที่สุดในสมาร์ทโฟนอย่าง A14 Bionicจอภาพ OLED แบบขอบจรดขอบ Ceramic Shield ที่ทนต่อการตกกระแทกได้ดีขึ้น 4 เท่า และโหมดกลางคืนบนกล้องทุกตัว iPhone 12 ก็มีหมดทุกอย่าง', 19500, 12, '../product-img/2.jpg'),
(3, 5, 1, 'Nike Dunk Low Retro White Black Panda', 'รองเท้า Dunk แต่เดิมออกแบบให้ใส่บนคอร์ทพื้นไม้ แล้วค่อยเริ่มเข้าสู่วงการสตรีทหลังจากนั้น ส่วนเรื่องราวที่เหลือก็อย่างที่เขาว่า คือรู้ๆ กันอยู่ แม้รองเท้า Dunk จะมีอายุมากกว่า 35 ปีแล้วนับจากวันเปิดตัว แต่ซิลลูเอทยังคงมีความโดดเด่น ท้าทาย และยังคงดึงดูดให้ทุกคนอยากเป็นเจ้าของทั้งในวงการกีฬาและแวดวงวัฒนธรรม ในวันนี้ OG ฉบับบาสมหา’ลัยจะกลับมาอีกครั้งด้วยส่วนหุ้มชั้นนอกจากวัสดุผิวเรียบและการลงบล็อคสีซึ่งได้แรงบันดาลใจจากรุ่นต้นตำรับ โดยเทคโนโลยีโมเดิร์นของรองเท้าจะนำดีไซน์ใส่สบายมาสู่ศตวรรษที่ 21 ส่วนการตัดสีกันระหว่างสีดำกับสีขาวจะทำให้การปรับโฉมครั้งนี้ดูสวยสะอาดตา', 4200, 10, '../product-img/3.jpg'),
(4, 5, 1, 'Adidas NMD R1 Japan Exclusive', 'สินค้าทั้งหมดมีจำหน่ายโดยไม่ต้องพูดถึง \"จำหน่ายหมด\" หากสินค้ามีสี / ลวดลายแตกต่างกันโปรดเลือกลายที่ถูกต้องเพื่อที่เราจะได้หลีกเลี่ยงความผิดพลาด หากสินค้าไม่ได้ใช้งานหรือมีจำหน่ายเรายินดีรับคืน ขอแนะนำให้ผู้ซื้อคืนค่าขนส่งและให้ความสำคัญกับการพัฒนาล่าสุดของเรา! ', 3500, 4, '../product-img/4.jpg'),
(5, 8, 0, 'เสื้อดาบพิฆาตอสูร ทันจิโร่ เนซึโกะ ไยบะ เสื้อยืดพิมพ์ลาย ผ้าไมโคร สกรีนทรานสเฟอร์ ใส่สบาย', 'เสื้อยืดเด็กลายดาบพิฆาตอสูร ผ้าไมโครอย่างดี ราคาถูก', 99, 43, '../product-img/5.jpg'),
(7, 9, 2, 'กระเป๋ารุ่น Sac Sport', 'กระเป๋ารุ่น Sac Sport สุดชิคสไตล์เรโทรที่ได้แรงบันดาลใจจากการออกแบบกระเป๋าในตำนานของเมซงทั้งโครงสร้างโค้งมนแบบวินเทจและดีเทลอันเป็นเอกลักษณ์ กระเป๋าหนังเนื้อนุ่มพิเศษประทับลาย Monogram Empreinte งดงามทันสมัย พกพาสะดวกและเก็บสิ่งของสำคัญได้ครบครัน หูจับสามารถปรับได้หลายรูปแบบเพิ่มฟังก์ชันเหมาะกับการใช้งานในทุกๆ วัน', 45000, 36, '../product-img/7.jpg'),
(8, 9, 2, 'กระเป๋ารุ่น Neverfull MM', 'กระเป๋าโท้ทรุ่น Neverfull MM ยอดนิยมมาในดีไซน์ล่าสุดที่รังสรรค์จากหนัง Empreinte ประทับลาย Monogram ทรงกระเป๋ากว้างทำให้ใส่ของได้หลากหลาย เหมาะเป็นกระเป๋าสำหรับใช้ประจำวัน มาพร้อมเชือกผูกด้านข้างสุดเก๋ หูหิ้วยาวทำจากหนังเนื้อนุ่มทำให้หิ้วได้สบายทั้งแบบสะพายไหล่หรือคล้องแขน', 59000, 32, '../product-img/8.jpg'),
(9, 10, 3, 'CASIO นาฬิกาข้อมือผู้ชาย EDIFICE รุ่น EFV-550D-1AVUDF วัสดุสเตนเลสสตีล สีดำ', 'นาฬิกาข้อมือผู้ชาย EFV-550D-1AVUDF  สีดำ โครโนกราฟ EDIFICE มาตรฐานขนาดใหญ่ การใช้หน้าปัดแทรกขนาดใหญ่พิเศษสร้างการออกแบบไดนามิกที่ทรงพลัง', 3959, 32, '../product-img/9.png'),
(10, 10, 3, 'CASIO นาฬิกาข้อมือผู้ชาย EDIFICE รุ่น EFV-620L-1AVUDF สายหนัง สีดำ', 'นาฬิกาข้อมือผู้ชาย EFV-620L-1AVUDF สีดำ ก้าวไปอย่างยิ่งใหญ่ด้วยโครโนกราฟ EDIFICE สุดคลาสสิกที่มาพร้อมกับรายละเอียดประณีตและดีไซน์ใหญ่พิเศษ พร้อมชุดสีที่ดูมีไดนามิกและหน้าปัดย่อยที่ดูสะดุดตาเพื่อสไตล์ที่แสดงถึงความเร็วและความฉลาดล้ำ โดยได้รับแรงบันดาลใจมาจากกีฬามอเตอร์สปอร์ต', 4500, 55, '../product-img/10.png'),
(11, 11, 4, 'Senka Perfect Whip Acne Care 100g', 'Senka Perfect Whip Acne Care 100g วิปโฟมล้างหน้า เนื้อโฟมหนาแน่น เนียนนุ่ม ช่วยทำความสะอาดผิวหน้าให้สะอาดหมดจด ทั้งสิ่งสกปรกอุดตัน ความมัน และเซลล์ผิวชั้นนอกที่เสื่อมสภาพ อันเป็นต้นตอของการเกิดสิว พร้อมบำรุงผิวอย่างล้ำลึก มอบผิวสวยสุขภาพดี เนียนนุ่ม ชุ่มชื้น', 179, 78, '../product-img/11.jpg'),
(12, 11, 4, 'CeraVe Moisturising Lotion 88ml โลชั่นบำรุงผิว เนื้อสัมผัสบางเบา จากเซราวี', 'อุดมด้วยเซราไมด์ที่จำเป็นต่อผิว 3 ชนิดผสานไฮยาลูรอนิกแอซิด ช่วยเติมความชุ่มชื้นและเสริมสร้างปราการปกป้องผิว เพื่อสัมผัสเนียนนุ่มยาวนาน 24 ชั่วโมง', 195, 100, '../product-img/12.jpg'),
(13, 12, 6, 'โต๊ะ LINNMON ลินมูน / ADILS อดิลส์', 'สร้างสรรค์ออกแบบโต๊ะสไตล์ของคุณเองได้ง่ายๆ เพียงเลือกท็อปโต๊ะและขาโต๊ะที่คุณชอบ หรือจะเลือกจากชุดสินค้าที่จัดไว้แล้วก็ได้ แข็งแรงทนทาน น้ำหนักเบา ผลิตด้วยเทคนิคที่ลดการใช้วัตถุดิบในการผลิต เป็นมิตรกับสิ่งแวดล้อม', 790, 55, '../product-img/13.jpg'),
(14, 12, 6, 'เก้าอี้สำนักงาน, กรานน์ เบจ', 'รับประกันนาน 10 ปี อ่านเงื่อนไขการรับประกันได้ ในโบรชัวร์รับประกันสินค้า', 5500, 67, '../product-img/14.jpg'),
(15, 13, 5, 'Me-O มีโอ อาหารเม็ด สำหรับแมวโต รสปลาทูน่า', 'บำรุงขนและผิวหนังของแมว มีคุณค่าทางโภชนาการที่สมบูรณ์และสมดุลสำหรับแมว ทอรีนเป็นกรดอะมิโนที่จำเป็นต่อการทำงานของดวงตาอย่างเหมาะสมและบำรุงสายตาของแมว วิตามินซีช่วยกระตุ้นระบบภูมิคุ้มกันของแมวและช่วยลดผลเสียของความเครียดต่อสุขภาพของแมว', 64, 542, '../product-img/15.jpg'),
(16, 13, 5, 'อาหารลูกสุนัข พันธุ์เล็ก ชนิดเม็ด (MINI PUPPY)', 'อาหารเม็ด สำหรับลูกสุนัข พันธุ์เล็ก อายุ 2 - 10 เดือน (นน. โตเต็มวัยต่ำกว่า 10 กก.)', 290, 779, '../product-img/16.png'),
(17, 7, 7, 'Hisense ตู้เย็น 1 ประตู 3.4 Q/96 ลิตร รุ่น ER92B-1', 'ตู้เย็นขนาดเล็กกะทัดรัด เหมาะสำหรับผู้ใช้งานที่มีพื้นที่ใช้สอยจำกัด', 3590, 122, '../product-img/17.png'),
(18, 7, 7, 'TOWA เครื่องดูดฝุ่น 1200 วัตต์ 20 ลิตร', 'เครื่องดูดฝุ่นชนิดแบบแห้งและแบบเปียก มีล้อเคลื่อนย้ายสะดวก วัสดุตัวถัง : stainless steel + PP กำลังไฟฟ้า : 1200 วัตต์ ความจุ 20 ลิตร ความยาวสายไฟ 3 เมตร', 2190, 92, '../product-img/18.jpg'),
(19, 14, 8, 'ASUS ROG Strix G15 GL543', 'ข้อมูลจำเพาะ ASUS ROG Strix G15 GL543\r\nAMD Ryzen 9 5900HX\r\nขนาดตัวเครื่อง\r\n– ยาว : 35.4 เซนติเมตร\r\n– กว้าง : 25.9 เซนติเมตร\r\n– หนา : 2.26 เซนติเมตร\r\n– น้ำหนัก : 2.30 กิโลกรัม\r\nหน้าจอ\r\n– IPS\r\n– Full HD\r\n– ขนาด 15.6 นิ้ว\r\nประมวลผล\r\n– ซีพียู : AMD Ryzen 9 5900HX Mobile Processor 3.3 GHz (16M Cache, up to 4.6 GHz)\r\n– GPU : NVIDIA GeForce RTX 3070 Laptop\r\nระบบปฏิบัติการ\r\n1. Windows 10 Home\r\n2. Windows Pro\r\n3. Windows 11 (Free upgrade, when available)\r\nหน่วยความจำ\r\n– RAM : DDR3 ขนาด 16 GB\r\n– Storage : 1TB M.2 NVMe PCIe 3.0 SSD\r\nเครือข่าย\r\n– Wi-Fi 6\r\n– Bluetooth 5.1\r\nพอร์ต\r\n1. USB 3.2 Type-C\r\n2. USB 3.2 เจนเนอเรชั่นที่ 1 Type-A x3\r\n3. USB 2.0 Type-A x2\r\n4. HDMI 2.0b\r\nแบตเตอรี่\r\n– 90 วัตต์ต่อชั่วโมง, 4S1P, 4-เซล ลิเธียมไอออน', 59990, 34, '../product-img/19.png'),
(20, 14, 8, 'DESKTOP PC (คอมพิวเตอร์ตั้งโต๊ะ) ASUS ROG STRIX G15DH-TH008T', 'CPU : AMD RYZEN 5 3600X\r\nRAM : 16 GB DDR4\r\nSTORAGE : 512 GB PCIe/NVMe M.2 SSD\r\nVGA : NVIDIA GEFORCE GTX1660TI 6 GB\r\nOS : WINDOWS 10 HOME', 30900, 44, '../product-img/20.jpg'),
(21, 15, 10, 'ประแจแหวนข้างปากตาย STANLEY รุ่น STMT80242-8 ขนาด 27 มม. สีเงิน', 'ผลิตจากเหล็กกล้า Carbon Steel ผ่านมาตรฐานอุตสาหกรรมสากล ASME และ DIN 3113/ISO 691', 300, 72, '../product-img/21.jpg'),
(22, 15, 10, 'ไขควงชุด SOLO NO.005 G 5 ชิ้น/ชุด', 'ผลิตจากวัสดุคุณภาพ แข็งแรง และทนทานต่อการใช้งาน\r\nรองรับแรงบิดขณะหมุนเกลียวไขสกรู หรือน็อตได้ดี\r\nบริเวณด้ามจับถูกออกแบบให้จับได้กระชับ และถนัดมือ', 155, 122, '../product-img/22.png'),
(23, 16, 11, 'ลูกฟุตบอล Molten F5D4900-TL', 'ลูกฟุตบอล Molten F5D4900-TL หนังพียู เบอร์ 5 คุณภาพที่ไทยลีก 2&3 ใช้ในการแข่งขัน', 2500, 120, '../product-img/23.jpg'),
(24, 16, 11, 'บาสเกตบอล ลูกบาสเกตบอล Molten BG4500', '	\r\n[ของแท้ 100%] บาสเกตบอล Molten รุ่น BG4500 ผลิตมาแทน GG7X ลูกบาส Size7 มี มอก.\r\n- FIBA APPROVED บาสเกตบอล 12 แผ่น หนังพียู PU\r\n- เส้นรอบวง 74.9-78 cm\r\n- น้ำหนัก 567-650g \r\n- แถมเข็มสูบลมและตาข่ายใส่ลูกบาส', 1490, 98, '../product-img/24.jpg');

-- --------------------------------------------------------

--
-- Table structure for table `product_review`
--

CREATE TABLE `product_review` (
  `review_id` int(11) NOT NULL,
  `product_id` int(11) NOT NULL,
  `user_id` int(11) NOT NULL,
  `review_score` int(11) NOT NULL,
  `review_text` varchar(255) NOT NULL,
  `review_timestamp` timestamp NOT NULL DEFAULT current_timestamp() ON UPDATE current_timestamp()
) ENGINE=InnoDB DEFAULT CHARSET=utf8mb4 COLLATE=utf8mb4_general_ci;

--
-- Dumping data for table `product_review`
--

INSERT INTO `product_review` (`review_id`, `product_id`, `user_id`, `review_score`, `review_text`, `review_timestamp`) VALUES
(1, 19, 17, 3, 'สวย', '2023-12-11 10:18:33'),
(2, 3, 2, 5, 'สวยครับ', '2023-12-11 10:34:11'),
(3, 16, 2, 5, 'อร่อย', '2023-12-11 10:55:41');

-- --------------------------------------------------------

--
-- Table structure for table `purchase`
--

CREATE TABLE `purchase` (
  `purchase_id` int(11) NOT NULL,
  `user_id` int(11) NOT NULL,
  `purchase_timestamp` timestamp NOT NULL DEFAULT current_timestamp(),
  `credit_card_id` int(11) NOT NULL,
  `payment_timestamp` timestamp NOT NULL DEFAULT current_timestamp(),
  `coupon_code` varchar(255) DEFAULT NULL,
  `cancel` tinyint(1) DEFAULT NULL
) ENGINE=InnoDB DEFAULT CHARSET=utf8mb4 COLLATE=utf8mb4_general_ci;

--
-- Dumping data for table `purchase`
--

INSERT INTO `purchase` (`purchase_id`, `user_id`, `purchase_timestamp`, `credit_card_id`, `payment_timestamp`, `coupon_code`, `cancel`) VALUES
(1, 2, '2023-12-10 17:02:41', 3, '2023-12-10 17:02:41', NULL, NULL),
(2, 2, '2023-12-10 21:24:46', 3, '2023-12-10 21:24:46', NULL, NULL),
(3, 2, '2023-12-10 21:51:17', 3, '2023-12-10 21:51:17', NULL, NULL),
(4, 17, '2023-12-11 10:17:48', 5, '2023-12-11 10:17:48', NULL, NULL),
(5, 2, '2023-12-11 10:33:57', 3, '2023-12-11 10:33:57', NULL, NULL),
(6, 2, '2023-12-11 10:54:51', 3, '2023-12-11 10:54:51', NULL, NULL);

-- --------------------------------------------------------

--
-- Table structure for table `purchase_product`
--

CREATE TABLE `purchase_product` (
  `purchase_id` int(11) NOT NULL,
  `product_id` int(11) NOT NULL,
  `quantity` int(11) NOT NULL,
  `is_review` tinyint(1) NOT NULL DEFAULT 0
) ENGINE=InnoDB DEFAULT CHARSET=utf8mb4 COLLATE=utf8mb4_general_ci;

--
-- Dumping data for table `purchase_product`
--

INSERT INTO `purchase_product` (`purchase_id`, `product_id`, `quantity`, `is_review`) VALUES
(1, 3, 1, 0),
(2, 3, 1, 0),
(3, 12, 2, 0),
(3, 20, 1, 0),
(4, 5, 2, 0),
(4, 19, 1, 1),
(5, 3, 3, 1),
(6, 16, 3, 1),
(6, 24, 1, 0);

-- --------------------------------------------------------

--
-- Table structure for table `user`
--

CREATE TABLE `user` (
  `user_id` int(11) NOT NULL,
  `username` varchar(255) NOT NULL,
  `password` varchar(255) NOT NULL,
  `email` varchar(255) NOT NULL,
  `fname` varchar(255) DEFAULT NULL,
  `lname` varchar(255) DEFAULT NULL,
  `telephone_number` varchar(255) DEFAULT NULL,
  `gender` varchar(255) DEFAULT NULL,
  `date_of_birth` date DEFAULT NULL
) ENGINE=InnoDB DEFAULT CHARSET=utf8mb4 COLLATE=utf8mb4_general_ci;

--
-- Dumping data for table `user`
--

INSERT INTO `user` (`user_id`, `username`, `password`, `email`, `fname`, `lname`, `telephone_number`, `gender`, `date_of_birth`) VALUES
(1, 'admin', '1234', 'admin@showhuay.com', NULL, NULL, NULL, NULL, NULL),
(2, 'sorawichJJ', 'sorawich', 'sorawich.mokt@gmail.com', 'Sorawit', 'Mokthaisong', '0921321304', NULL, NULL),
(4, 'doubledouble', '1234', 'doublej@yahoo.com', NULL, NULL, NULL, NULL, NULL),
(5, 'fastshop', 'fast', 'fastshopping@hotmail.com', 'fast', 'shopping', '0953458452', NULL, NULL),
(6, 'myStudio9', 'mynine', 'myStudioNine@gmail.com', 'Studio', 'Nine', '0834432485', NULL, NULL),
(7, 'electronicdevices', 'elec', 'electronicdevices33@outlook.com', 'electronic', 'devices', '0852357328', NULL, NULL),
(8, 'woralpholMALL', 'woraphol', 'woraphol69@hotmail.com', 'woraphol', 'sae-ku', '0852835235', NULL, NULL),
(9, 'GAACI', 'gaaci', 'gaaci@gmail.com', 'gacci', 'bag', '0842343241', NULL, NULL),
(10, 'casio', 'casio', 'casio@outlook.com', 'Casio', 'GSHOCK', '0324232462', NULL, NULL),
(11, 'KANVY', '1234', 'kanvy@hotmail.com', 'kanvy', 'shopping', '0835223525', NULL, NULL),
(12, 'gearR', '1234', 'gearR@gmail.com', 'gear', 'R', '0152727373', NULL, NULL),
(13, 'petshop', '1234', 'petshop@outlook.com', 'pet', 'shop', '0845247272', NULL, NULL),
(14, 'COMCRUSH', 'com', 'comcrush@gmail.com', 'COM', 'CRUSH', '0571358327', NULL, NULL),
(15, 'hometools', '1234', 'hometools@gmail.com', 'home', 'tools', '0752395385', NULL, NULL),
(16, 'sportgears', 'sport', 'sportgears@outlook.com', 'sport', 'gears', '0343274938', NULL, NULL),
(17, 'testuser1', '1234', 'testuser1@gmail.com', 'Sorawit', 'Mokthaisong', '0921321304', NULL, NULL),
(18, 'phuphan987', '1234', 'j2@gmail.com', 'JJ', 'JJ', '0563634626', NULL, NULL),
(19, 'testuser2', '1234', 'testuser2@gmail.com', NULL, NULL, NULL, NULL, NULL);

-- --------------------------------------------------------

--
-- Table structure for table `user_credit_card`
--

CREATE TABLE `user_credit_card` (
  `credit_card_id` int(11) NOT NULL,
  `user_id` int(11) NOT NULL,
  `credit_card_number` varchar(255) NOT NULL,
  `card_type` varchar(255) NOT NULL,
  `expiry_date` varchar(255) NOT NULL,
  `cvv` varchar(255) NOT NULL,
  `card_default` tinyint(1) NOT NULL
) ENGINE=InnoDB DEFAULT CHARSET=utf8mb4 COLLATE=utf8mb4_general_ci;

--
-- Dumping data for table `user_credit_card`
--

INSERT INTO `user_credit_card` (`credit_card_id`, `user_id`, `credit_card_number`, `card_type`, `expiry_date`, `cvv`, `card_default`) VALUES
(2, 1, '3123123131231231', 'Visa', '0000-00-00', '324', 1),
(3, 2, '3422342423424242', 'Visa', '0000-00-00', '321', 1),
(4, 2, '4353453452452452', 'Mastercard', '0000-00-00', '421', 0),
(5, 17, '3463463263462462', 'Mastercard', '2023-12', '122', 1);

-- --------------------------------------------------------

--
-- Table structure for table `user_shipping_address`
--

CREATE TABLE `user_shipping_address` (
  `address_id` int(11) NOT NULL,
  `user_id` int(11) NOT NULL,
  `address_fname` varchar(255) NOT NULL,
  `address_lname` varchar(255) NOT NULL,
  `address_telephone_number` varchar(255) NOT NULL,
  `province` varchar(255) NOT NULL,
  `district` varchar(255) NOT NULL,
  `zipcode` varchar(255) NOT NULL,
  `address_detail` varchar(255) NOT NULL,
  `address_default` tinyint(1) NOT NULL
) ENGINE=InnoDB DEFAULT CHARSET=utf8mb4 COLLATE=utf8mb4_general_ci;

--
-- Dumping data for table `user_shipping_address`
--

INSERT INTO `user_shipping_address` (`address_id`, `user_id`, `address_fname`, `address_lname`, `address_telephone_number`, `province`, `district`, `zipcode`, `address_detail`, `address_default`) VALUES
(1, 2, 'Sorawich', 'Mokthaisong', '0132132131', 'กรุงเทพมหานคร', 'ทวีวัฒนา', '10170', '13/2 ซอย 32', 1),
(2, 2, 'Sorawit', 'Mokthaisong', '0921321304', 'กรุงเทพมหานคร', 'จตุจักร', '10900', '122/6', 0),
(3, 17, 'Sorawit', 'Mokthaisong', '0921321304', 'กรุงเทพมหานคร', 'ธนบุรี', '10600', '122/6', 1);

-- --------------------------------------------------------

--
-- Table structure for table `user_shopping_cart`
--

CREATE TABLE `user_shopping_cart` (
  `user_id` int(11) NOT NULL,
  `product_id` int(11) NOT NULL,
  `quantity` int(11) NOT NULL
) ENGINE=InnoDB DEFAULT CHARSET=utf8mb4 COLLATE=utf8mb4_general_ci;

--
-- Indexes for dumped tables
--

--
-- Indexes for table `address`
--
ALTER TABLE `address`
  ADD PRIMARY KEY (`zipcode`,`district`);

--
-- Indexes for table `category`
--
ALTER TABLE `category`
  ADD PRIMARY KEY (`category_id`);

--
-- Indexes for table `chat`
--
ALTER TABLE `chat`
  ADD PRIMARY KEY (`chat_id`),
  ADD KEY `receive_user_id` (`receive_user_id`),
  ADD KEY `send_user_id` (`send_user_id`);

--
-- Indexes for table `coupon`
--
ALTER TABLE `coupon`
  ADD PRIMARY KEY (`coupon_code`);

--
-- Indexes for table `product`
--
ALTER TABLE `product`
  ADD PRIMARY KEY (`product_id`),
  ADD KEY `user_id` (`user_id`),
  ADD KEY `category_id` (`category_id`);

--
-- Indexes for table `product_review`
--
ALTER TABLE `product_review`
  ADD PRIMARY KEY (`review_id`),
  ADD KEY `product_id` (`product_id`),
  ADD KEY `user_id` (`user_id`);

--
-- Indexes for table `purchase`
--
ALTER TABLE `purchase`
  ADD PRIMARY KEY (`purchase_id`),
  ADD KEY `user_id` (`user_id`),
  ADD KEY `credit_card_id` (`credit_card_id`),
  ADD KEY `coupon_code` (`coupon_code`);

--
-- Indexes for table `purchase_product`
--
ALTER TABLE `purchase_product`
  ADD PRIMARY KEY (`purchase_id`,`product_id`),
  ADD KEY `product_id` (`product_id`);

--
-- Indexes for table `user`
--
ALTER TABLE `user`
  ADD PRIMARY KEY (`user_id`);

--
-- Indexes for table `user_credit_card`
--
ALTER TABLE `user_credit_card`
  ADD PRIMARY KEY (`credit_card_id`),
  ADD KEY `user_id` (`user_id`);

--
-- Indexes for table `user_shipping_address`
--
ALTER TABLE `user_shipping_address`
  ADD PRIMARY KEY (`address_id`),
  ADD KEY `user_id` (`user_id`);

--
-- Indexes for table `user_shopping_cart`
--
ALTER TABLE `user_shopping_cart`
  ADD PRIMARY KEY (`user_id`,`product_id`),
  ADD KEY `product_id` (`product_id`);

--
-- AUTO_INCREMENT for dumped tables
--

--
-- AUTO_INCREMENT for table `chat`
--
ALTER TABLE `chat`
  MODIFY `chat_id` int(11) NOT NULL AUTO_INCREMENT, AUTO_INCREMENT=4;

--
-- AUTO_INCREMENT for table `product`
--
ALTER TABLE `product`
  MODIFY `product_id` int(11) NOT NULL AUTO_INCREMENT, AUTO_INCREMENT=28;

--
-- AUTO_INCREMENT for table `product_review`
--
ALTER TABLE `product_review`
  MODIFY `review_id` int(11) NOT NULL AUTO_INCREMENT, AUTO_INCREMENT=4;

--
-- AUTO_INCREMENT for table `purchase`
--
ALTER TABLE `purchase`
  MODIFY `purchase_id` int(11) NOT NULL AUTO_INCREMENT, AUTO_INCREMENT=7;

--
-- AUTO_INCREMENT for table `user`
--
ALTER TABLE `user`
  MODIFY `user_id` int(11) NOT NULL AUTO_INCREMENT, AUTO_INCREMENT=21;

--
-- AUTO_INCREMENT for table `user_credit_card`
--
ALTER TABLE `user_credit_card`
  MODIFY `credit_card_id` int(11) NOT NULL AUTO_INCREMENT, AUTO_INCREMENT=6;

--
-- AUTO_INCREMENT for table `user_shipping_address`
--
ALTER TABLE `user_shipping_address`
  MODIFY `address_id` int(11) NOT NULL AUTO_INCREMENT, AUTO_INCREMENT=4;

--
-- Constraints for dumped tables
--

--
-- Constraints for table `chat`
--
ALTER TABLE `chat`
  ADD CONSTRAINT `chat_ibfk_1` FOREIGN KEY (`receive_user_id`) REFERENCES `user` (`user_id`),
  ADD CONSTRAINT `chat_ibfk_2` FOREIGN KEY (`send_user_id`) REFERENCES `user` (`user_id`);

--
-- Constraints for table `product`
--
ALTER TABLE `product`
  ADD CONSTRAINT `product_ibfk_1` FOREIGN KEY (`user_id`) REFERENCES `user` (`user_id`),
  ADD CONSTRAINT `product_ibfk_2` FOREIGN KEY (`category_id`) REFERENCES `category` (`category_id`);

--
-- Constraints for table `product_review`
--
ALTER TABLE `product_review`
  ADD CONSTRAINT `product_review_ibfk_1` FOREIGN KEY (`product_id`) REFERENCES `product` (`product_id`),
  ADD CONSTRAINT `product_review_ibfk_2` FOREIGN KEY (`user_id`) REFERENCES `user` (`user_id`);

--
-- Constraints for table `purchase`
--
ALTER TABLE `purchase`
  ADD CONSTRAINT `purchase_ibfk_1` FOREIGN KEY (`user_id`) REFERENCES `user` (`user_id`),
  ADD CONSTRAINT `purchase_ibfk_3` FOREIGN KEY (`credit_card_id`) REFERENCES `user_credit_card` (`credit_card_id`),
  ADD CONSTRAINT `purchase_ibfk_4` FOREIGN KEY (`coupon_code`) REFERENCES `coupon` (`coupon_code`);

--
-- Constraints for table `purchase_product`
--
ALTER TABLE `purchase_product`
  ADD CONSTRAINT `purchase_product_ibfk_1` FOREIGN KEY (`purchase_id`) REFERENCES `purchase` (`purchase_id`),
  ADD CONSTRAINT `purchase_product_ibfk_2` FOREIGN KEY (`product_id`) REFERENCES `product` (`product_id`);

--
-- Constraints for table `user_credit_card`
--
ALTER TABLE `user_credit_card`
  ADD CONSTRAINT `user_credit_card_ibfk_1` FOREIGN KEY (`user_id`) REFERENCES `user` (`user_id`);

--
-- Constraints for table `user_shipping_address`
--
ALTER TABLE `user_shipping_address`
  ADD CONSTRAINT `user_shipping_address_ibfk_1` FOREIGN KEY (`user_id`) REFERENCES `user` (`user_id`);

--
-- Constraints for table `user_shopping_cart`
--
ALTER TABLE `user_shopping_cart`
  ADD CONSTRAINT `user_shopping_cart_ibfk_1` FOREIGN KEY (`user_id`) REFERENCES `user` (`user_id`),
  ADD CONSTRAINT `user_shopping_cart_ibfk_2` FOREIGN KEY (`product_id`) REFERENCES `product` (`product_id`);
COMMIT;

/*!40101 SET CHARACTER_SET_CLIENT=@OLD_CHARACTER_SET_CLIENT */;
/*!40101 SET CHARACTER_SET_RESULTS=@OLD_CHARACTER_SET_RESULTS */;
/*!40101 SET COLLATION_CONNECTION=@OLD_COLLATION_CONNECTION */;
